failed_service,failed_mode,injected_severity,affected_service,graph_distance,baseline_error_rate,fault_window_error_rate,severity_delta,was_impacted,time_to_impact_ms,baseline_latency_ms,fault_window_latency_ms,latency_delta_ms,failed_betweenness,failed_in_degree,failed_out_degree,failed_is_articulation_point,affected_betweenness,affected_in_degree,affected_out_degree,has_direct_edge,direct_edge_timeout_ms,direct_edge_retries,fault_mode_down
svc-00,down,1.0,svc-01,,0.0,0.0,0.0,False,,257.2,231.3,-25.9,0.0,0,3,False,0.0,0,1,False,-1,-1,1
svc-00,down,1.0,svc-02,,0.0,0.0,0.0,False,,247.3,215.5,-31.8,0.0,0,3,False,0.0,0,2,False,-1,-1,1
svc-00,down,1.0,svc-03,,0.0,0.0,0.0,False,,257.6,208.2,-49.4,0.0,0,3,False,0.0,0,2,False,-1,-1,1
svc-00,down,1.0,svc-04,,0.0,0.0,0.0,False,,95.7,82.5,-13.2,0.0,0,3,False,0.0,1,1,False,-1,-1,1
svc-00,down,1.0,svc-05,,0.0,0.0,0.0,False,,220.7,185.3,-35.4,0.0,0,3,False,0.01838,3,3,False,-1,-1,1
svc-00,down,1.0,svc-06,,0.0,0.0,0.0,False,,154.4,109.6,-44.8,0.0,0,3,False,0.01103,1,3,False,-1,-1,1
svc-00,down,1.0,svc-07,,0.0,0.0,0.0,False,,159.9,120.8,-39.1,0.0,0,3,False,0.01838,1,5,False,-1,-1,1
svc-00,down,1.0,svc-08,,0.0,0.0,0.0,False,,229.5,162.9,-66.6,0.0,0,3,False,0.04412,2,5,False,-1,-1,1
svc-00,down,1.0,svc-09,,0.0,0.0,0.0,False,,252.8,184.1,-68.7,0.0,0,3,False,0.01838,1,3,False,-1,-1,1
svc-00,down,1.0,svc-10,,0.0,0.0,0.0,False,,19.5,17.8,-1.7,0.0,0,3,False,0.0,6,0,False,-1,-1,1
svc-00,down,1.0,svc-11,,0.0,0.0,0.0,False,,19.1,15.8,-3.3,0.0,0,3,False,0.0,2,0,False,-1,-1,1
svc-00,down,1.0,svc-12,,0.0,0.0,0.0,False,,20.3,18.4,-1.9,0.0,0,3,False,0.0,1,0,False,-1,-1,1
svc-00,down,1.0,svc-13,,0.0,0.0,0.0,False,,20.9,18.4,-2.5,0.0,0,3,False,0.0,2,0,False,-1,-1,1
svc-00,down,1.0,svc-14,,0.0,0.0,0.0,False,,21.1,17.8,-3.3,0.0,0,3,False,0.0,2,0,False,-1,-1,1
svc-00,down,1.0,svc-15,,0.0,0.0,0.0,False,,20.9,17.5,-3.4,0.0,0,3,False,0.0,3,0,False,-1,-1,1
svc-00,down,1.0,svc-16,,0.0,0.0,0.0,False,,20.2,17.5,-2.7,0.0,0,3,False,0.0,2,0,False,-1,-1,1
svc-00,down,1.0,svc-17,,0.0,0.0,0.0,False,,19.5,17.0,-2.5,0.0,0,3,False,0.0,1,0,False,-1,-1,1
svc-00,down,0.5,svc-01,,0.0,0.0,0.0,False,,227.5,220.7,-6.8,0.0,0,3,False,0.0,0,1,False,-1,-1,1
svc-00,down,0.5,svc-02,,0.0,0.0,0.0,False,,210.9,209.7,-1.2,0.0,0,3,False,0.0,0,2,False,-1,-1,1
svc-00,down,0.5,svc-03,,0.0,0.0,0.0,False,,222.5,216.3,-6.2,0.0,0,3,False,0.0,0,2,False,-1,-1,1
svc-00,down,0.5,svc-04,,0.0,0.0,0.0,False,,103.7,75.3,-28.4,0.0,0,3,False,0.0,1,1,False,-1,-1,1
svc-00,down,0.5,svc-05,,0.0,0.0,0.0,False,,191.0,173.3,-17.7,0.0,0,3,False,0.01838,3,3,False,-1,-1,1
svc-00,down,0.5,svc-06,,0.0,0.0,0.0,False,,118.4,116.6,-1.8,0.0,0,3,False,0.01103,1,3,False,-1,-1,1
svc-00,down,0.5,svc-07,,0.0,0.0,0.0,False,,134.9,112.8,-22.1,0.0,0,3,False,0.01838,1,5,False,-1,-1,1
svc-00,down,0.5,svc-08,,0.0,0.0,0.0,False,,190.8,173.9,-16.9,0.0,0,3,False,0.04412,2,5,False,-1,-1,1
svc-00,down,0.5,svc-09,,0.0,0.0,0.0,False,,217.6,204.0,-13.6,0.0,0,3,False,0.01838,1,3,False,-1,-1,1
svc-00,down,0.5,svc-10,,0.0,0.0,0.0,False,,16.2,15.5,-0.7,0.0,0,3,False,0.0,6,0,False,-1,-1,1
svc-00,down,0.5,svc-11,,0.0,0.0,0.0,False,,17.8,15.5,-2.3,0.0,0,3,False,0.0,2,0,False,-1,-1,1
svc-00,down,0.5,svc-12,,0.0,0.0,0.0,False,,16.5,15.7,-0.8,0.0,0,3,False,0.0,1,0,False,-1,-1,1
svc-00,down,0.5,svc-13,,0.0,0.0,0.0,False,,17.5,15.7,-1.8,0.0,0,3,False,0.0,2,0,False,-1,-1,1
svc-00,down,0.5,svc-14,,0.0,0.0,0.0,False,,17.3,14.8,-2.5,0.0,0,3,False,0.0,2,0,False,-1,-1,1
svc-00,down,0.5,svc-15,,0.0,0.0,0.0,False,,16.9,15.3,-1.6,0.0,0,3,False,0.0,3,0,False,-1,-1,1
svc-00,down,0.5,svc-16,,0.0,0.0,0.0,False,,16.7,14.7,-2.0,0.0,0,3,False,0.0,2,0,False,-1,-1,1
svc-00,down,0.5,svc-17,,0.0,0.0,0.0,False,,16.7,14.6,-2.1,0.0,0,3,False,0.0,1,0,False,-1,-1,1
svc-00,slow,0.8,svc-01,,0.0,0.0,0.0,False,,238.8,213.3,-25.5,0.0,0,3,False,0.0,0,1,False,-1,-1,0
svc-00,slow,0.8,svc-02,,0.0,0.0,0.0,False,,220.8,198.5,-22.3,0.0,0,3,False,0.0,0,2,False,-1,-1,0
svc-00,slow,0.8,svc-03,,0.0,0.0,0.0,False,,222.3,188.1,-34.2,0.0,0,3,False,0.0,0,2,False,-1,-1,0
svc-00,slow,0.8,svc-04,,0.0,0.0,0.0,False,,119.2,87.7,-31.5,0.0,0,3,False,0.0,1,1,False,-1,-1,0
svc-00,slow,0.8,svc-05,,0.0,0.0,0.0,False,,205.5,142.6,-62.9,0.0,0,3,False,0.01838,3,3,False,-1,-1,0
svc-00,slow,0.8,svc-06,,0.0,0.0,0.0,False,,117.7,113.8,-3.9,0.0,0,3,False,0.01103,1,3,False,-1,-1,0
svc-00,slow,0.8,svc-07,,0.0,0.0,0.0,False,,90.5,110.8,20.3,0.0,0,3,False,0.01838,1,5,False,-1,-1,0
svc-00,slow,0.8,svc-08,,0.0,0.0,0.0,False,,213.3,133.3,-80.0,0.0,0,3,False,0.04412,2,5,False,-1,-1,0
svc-00,slow,0.8,svc-09,,0.0,0.0,0.0,False,,227.7,171.0,-56.7,0.0,0,3,False,0.01838,1,3,False,-1,-1,0
svc-00,slow,0.8,svc-10,,0.0,0.0,0.0,False,,18.0,10.3,-7.7,0.0,0,3,False,0.0,6,0,False,-1,-1,0
svc-00,slow,0.8,svc-11,,0.0,0.0,0.0,False,,17.6,10.0,-7.6,0.0,0,3,False,0.0,2,0,False,-1,-1,0
svc-00,slow,0.8,svc-12,,0.0,0.0,0.0,False,,17.6,10.8,-6.8,0.0,0,3,False,0.0,1,0,False,-1,-1,0
svc-00,slow,0.8,svc-13,,0.0,0.0,0.0,False,,18.3,11.1,-7.2,0.0,0,3,False,0.0,2,0,False,-1,-1,0
svc-00,slow,0.8,svc-14,,0.0,0.0,0.0,False,,18.1,11.2,-6.9,0.0,0,3,False,0.0,2,0,False,-1,-1,0
svc-00,slow,0.8,svc-15,,0.0,0.0,0.0,False,,16.9,10.5,-6.4,0.0,0,3,False,0.0,3,0,False,-1,-1,0
svc-00,slow,0.8,svc-16,,0.0,0.0,0.0,False,,18.0,10.0,-8.0,0.0,0,3,False,0.0,2,0,False,-1,-1,0
svc-00,slow,0.8,svc-17,,0.0,0.0,0.0,False,,16.9,10.8,-6.1,0.0,0,3,False,0.0,1,0,False,-1,-1,0
svc-00,slow,0.3,svc-01,,0.0,0.0,0.0,False,,238.4,211.3,-27.1,0.0,0,3,False,0.0,0,1,False,-1,-1,0
svc-00,slow,0.3,svc-02,,0.0,0.0,0.0,False,,229.2,198.3,-30.9,0.0,0,3,False,0.0,0,2,False,-1,-1,0
svc-00,slow,0.3,svc-03,,0.0,0.0,0.0,False,,223.4,187.5,-35.9,0.0,0,3,False,0.0,0,2,False,-1,-1,0
svc-00,slow,0.3,svc-04,,0.0,0.0,0.0,False,,95.9,73.4,-22.5,0.0,0,3,False,0.0,1,1,False,-1,-1,0
svc-00,slow,0.3,svc-05,,0.0,0.0,0.0,False,,162.2,173.5,11.3,0.0,0,3,False,0.01838,3,3,False,-1,-1,0
svc-00,slow,0.3,svc-06,,0.0,0.0,0.0,False,,131.2,97.8,-33.4,0.0,0,3,False,0.01103,1,3,False,-1,-1,0
svc-00,slow,0.3,svc-07,,0.0,0.0,0.0,False,,142.9,114.5,-28.4,0.0,0,3,False,0.01838,1,5,False,-1,-1,0
svc-00,slow,0.3,svc-08,,0.0,0.0,0.0,False,,212.2,123.8,-88.4,0.0,0,3,False,0.04412,2,5,False,-1,-1,0
svc-00,slow,0.3,svc-09,,0.0,0.0,0.0,False,,219.9,161.7,-58.2,0.0,0,3,False,0.01838,1,3,False,-1,-1,0
svc-00,slow,0.3,svc-10,,0.0,0.0,0.0,False,,17.3,12.0,-5.3,0.0,0,3,False,0.0,6,0,False,-1,-1,0
svc-00,slow,0.3,svc-11,,0.0,0.0,0.0,False,,19.7,11.5,-8.2,0.0,0,3,False,0.0,2,0,False,-1,-1,0
svc-00,slow,0.3,svc-12,,0.0,0.0,0.0,False,,19.6,11.6,-8.0,0.0,0,3,False,0.0,1,0,False,-1,-1,0
svc-00,slow,0.3,svc-13,,0.0,0.0,0.0,False,,19.0,12.9,-6.1,0.0,0,3,False,0.0,2,0,False,-1,-1,0
svc-00,slow,0.3,svc-14,,0.0,0.0,0.0,False,,19.8,13.5,-6.3,0.0,0,3,False,0.0,2,0,False,-1,-1,0
svc-00,slow,0.3,svc-15,,0.0,0.0,0.0,False,,18.2,12.5,-5.7,0.0,0,3,False,0.0,3,0,False,-1,-1,0
svc-00,slow,0.3,svc-16,,0.0,0.0,0.0,False,,17.7,12.6,-5.1,0.0,0,3,False,0.0,2,0,False,-1,-1,0
svc-00,slow,0.3,svc-17,,0.0,0.0,0.0,False,,19.0,12.6,-6.4,0.0,0,3,False,0.0,1,0,False,-1,-1,0
svc-01,down,1.0,svc-00,,0.0,0.0,0.0,False,,240.7,234.4,-6.3,0.0,0,1,False,0.0,0,3,False,-1,-1,1
svc-01,down,1.0,svc-02,,0.0,0.0,0.0,False,,207.7,170.9,-36.8,0.0,0,1,False,0.0,0,2,False,-1,-1,1
svc-01,down,1.0,svc-03,,0.0,0.0,0.0,False,,219.0,197.2,-21.8,0.0,0,1,False,0.0,0,2,False,-1,-1,1
svc-01,down,1.0,svc-04,,0.0,0.0,0.0,False,,123.7,92.6,-31.1,0.0,0,1,False,0.0,1,1,False,-1,-1,1
svc-01,down,1.0,svc-05,,0.0,0.0,0.0,False,,194.4,148.0,-46.4,0.0,0,1,False,0.01838,3,3,False,-1,-1,1
svc-01,down,1.0,svc-06,,0.0,0.0,0.0,False,,128.7,112.8,-15.9,0.0,0,1,False,0.01103,1,3,False,-1,-1,1
svc-01,down,1.0,svc-07,,0.0,0.0,0.0,False,,108.2,111.9,3.7,0.0,0,1,False,0.01838,1,5,False,-1,-1,1
svc-01,down,1.0,svc-08,,0.0,0.0,0.0,False,,209.8,180.5,-29.3,0.0,0,1,False,0.04412,2,5,False,-1,-1,1
svc-01,down,1.0,svc-09,,0.0,0.0,0.0,False,,215.8,203.6,-12.2,0.0,0,1,False,0.01838,1,3,False,-1,-1,1
svc-01,down,1.0,svc-10,,0.0,0.0,0.0,False,,18.9,15.1,-3.8,0.0,0,1,False,0.0,6,0,False,-1,-1,1
svc-01,down,1.0,svc-11,,0.0,0.0,0.0,False,,18.7,15.0,-3.7,0.0,0,1,False,0.0,2,0,False,-1,-1,1
svc-01,down,1.0,svc-12,,0.0,0.0,0.0,False,,20.3,15.9,-4.4,0.0,0,1,False,0.0,1,0,False,-1,-1,1
svc-01,down,1.0,svc-13,,0.0,0.0,0.0,False,,20.6,16.0,-4.6,0.0,0,1,False,0.0,2,0,False,-1,-1,1
svc-01,down,1.0,svc-14,,0.0,0.0,0.0,False,,20.1,15.5,-4.6,0.0,0,1,False,0.0,2,0,False,-1,-1,1
svc-01,down,1.0,svc-15,,0.0,0.0,0.0,False,,21.0,15.5,-5.5,0.0,0,1,False,0.0,3,0,False,-1,-1,1
svc-01,down,1.0,svc-16,,0.0,0.0,0.0,False,,20.0,15.5,-4.5,0.0,0,1,False,0.0,2,0,False,-1,-1,1
svc-01,down,1.0,svc-17,,0.0,0.0,0.0,False,,19.2,15.2,-4.0,0.0,0,1,False,0.0,1,0,False,-1,-1,1
svc-01,down,0.5,svc-00,,0.0,0.0,0.0,False,,242.6,243.9,1.3,0.0,0,1,False,0.0,0,3,False,-1,-1,1
svc-01,down,0.5,svc-02,,0.0,0.0,0.0,False,,208.8,194.1,-14.7,0.0,0,1,False,0.0,0,2,False,-1,-1,1
svc-01,down,0.5,svc-03,,0.0,0.0,0.0,False,,222.0,212.1,-9.9,0.0,0,1,False,0.0,0,2,False,-1,-1,1
svc-01,down,0.5,svc-04,,0.0,0.0,0.0,False,,88.8,86.7,-2.1,0.0,0,1,False,0.0,1,1,False,-1,-1,1
svc-01,down,0.5,svc-05,,0.0,0.0,0.0,False,,188.3,173.9,-14.4,0.0,0,1,False,0.01838,3,3,False,-1,-1,1
svc-01,down,0.5,svc-06,,0.0,0.0,0.0,False,,126.0,129.6,3.6,0.0,0,1,False,0.01103,1,3,False,-1,-1,1
svc-01,down,0.5,svc-07,,0.0,0.0,0.0,False,,131.0,107.0,-24.0,0.0,0,1,False,0.01838,1,5,False,-1,-1,1
svc-01,down,0.5,svc-08,,0.0,0.0,0.0,False,,178.0,194.0,16.0,0.0,0,1,False,0.04412,2,5,False,-1,-1,1
svc-01,down,0.5,svc-09,,0.0,0.0,0.0,False,,205.0,205.4,0.4,0.0,0,1,False,0.01838,1,3,False,-1,-1,1
svc-01,down,0.5,svc-10,,0.0,0.0,0.0,False,,16.6,14.5,-2.1,0.0,0,1,False,0.0,6,0,False,-1,-1,1
svc-01,down,0.5,svc-11,,0.0,0.0,0.0,False,,16.3,15.4,-0.9,0.0,0,1,False,0.0,2,0,False,-1,-1,1
svc-01,down,0.5,svc-12,,0.0,0.0,0.0,False,,17.6,14.8,-2.8,0.0,0,1,False,0.0,1,0,False,-1,-1,1
svc-01,down,0.5,svc-13,,0.0,0.0,0.0,False,,16.7,15.3,-1.4,0.0,0,1,False,0.0,2,0,False,-1,-1,1
svc-01,down,0.5,svc-14,,0.0,0.0,0.0,False,,17.4,15.0,-2.4,0.0,0,1,False,0.0,2,0,False,-1,-1,1
svc-01,down,0.5,svc-15,,0.0,0.0,0.0,False,,17.9,14.4,-3.5,0.0,0,1,False,0.0,3,0,False,-1,-1,1
svc-01,down,0.5,svc-16,,0.0,0.0,0.0,False,,18.0,14.2,-3.8,0.0,0,1,False,0.0,2,0,False,-1,-1,1
svc-01,down,0.5,svc-17,,0.0,0.0,0.0,False,,17.0,13.9,-3.1,0.0,0,1,False,0.0,1,0,False,-1,-1,1
svc-01,slow,0.8,svc-00,,0.0,0.0,0.0,False,,250.6,239.3,-11.3,0.0,0,1,False,0.0,0,3,False,-1,-1,0
svc-01,slow,0.8,svc-02,,0.0,0.0,0.0,False,,207.8,187.4,-20.4,0.0,0,1,False,0.0,0,2,False,-1,-1,0
svc-01,slow,0.8,svc-03,,0.0,0.0,0.0,False,,224.8,218.1,-6.7,0.0,0,1,False,0.0,0,2,False,-1,-1,0
svc-01,slow,0.8,svc-04,,0.0,0.0,0.0,False,,81.9,86.7,4.8,0.0,0,1,False,0.0,1,1,False,-1,-1,0
svc-01,slow,0.8,svc-05,,0.0,0.0,0.0,False,,190.4,161.8,-28.6,0.0,0,1,False,0.01838,3,3,False,-1,-1,0
svc-01,slow,0.8,svc-06,,0.0,0.0,0.0,False,,123.8,124.7,0.9,0.0,0,1,False,0.01103,1,3,False,-1,-1,0
svc-01,slow,0.8,svc-07,,0.0,0.0,0.0,False,,107.8,113.9,6.1,0.0,0,1,False,0.01838,1,5,False,-1,-1,0
svc-01,slow,0.8,svc-08,,0.0,0.0,0.0,False,,215.1,173.9,-41.2,0.0,0,1,False,0.04412,2,5,False,-1,-1,0
svc-01,slow,0.8,svc-09,,0.0,0.0,0.0,False,,230.4,216.0,-14.4,0.0,0,1,False,0.01838,1,3,False,-1,-1,0
svc-01,slow,0.8,svc-10,,0.0,0.0,0.0,False,,15.9,8.2,-7.7,0.0,0,1,False,0.0,6,0,False,-1,-1,0
svc-01,slow,0.8,svc-11,,0.0,0.0,0.0,False,,15.7,8.5,-7.2,0.0,0,1,False,0.0,2,0,False,-1,-1,0
svc-01,slow,0.8,svc-12,,0.0,0.0,0.0,False,,16.8,8.5,-8.3,0.0,0,1,False,0.0,1,0,False,-1,-1,0
svc-01,slow,0.8,svc-13,,0.0,0.0,0.0,False,,16.4,10.4,-6.0,0.0,0,1,False,0.0,2,0,False,-1,-1,0
svc-01,slow,0.8,svc-14,,0.0,0.0,0.0,False,,16.3,10.3,-6.0,0.0,0,1,False,0.0,2,0,False,-1,-1,0
svc-01,slow,0.8,svc-15,,0.0,0.0,0.0,False,,16.5,11.0,-5.5,0.0,0,1,False,0.0,3,0,False,-1,-1,0
svc-01,slow,0.8,svc-16,,0.0,0.0,0.0,False,,17.2,9.2,-8.0,0.0,0,1,False,0.0,2,0,False,-1,-1,0
svc-01,slow,0.8,svc-17,,0.0,0.0,0.0,False,,17.3,11.1,-6.2,0.0,0,1,False,0.0,1,0,False,-1,-1,0
svc-01,slow,0.3,svc-00,,0.0,0.0,0.0,False,,255.2,244.2,-11.0,0.0,0,1,False,0.0,0,3,False,-1,-1,0
svc-01,slow,0.3,svc-02,,0.0,0.0,0.0,False,,235.6,184.5,-51.1,0.0,0,1,False,0.0,0,2,False,-1,-1,0
svc-01,slow,0.3,svc-03,,0.0,0.0,0.0,False,,239.6,212.9,-26.7,0.0,0,1,False,0.0,0,2,False,-1,-1,0
svc-01,slow,0.3,svc-04,,0.0,0.0,0.0,False,,126.3,67.0,-59.3,0.0,0,1,False,0.0,1,1,False,-1,-1,0
svc-01,slow,0.3,svc-05,,0.0,0.0,0.0,False,,210.4,156.3,-54.1,0.0,0,1,False,0.01838,3,3,False,-1,-1,0
svc-01,slow,0.3,svc-06,,0.0,0.0,0.0,False,,139.9,125.3,-14.6,0.0,0,1,False,0.01103,1,3,False,-1,-1,0
svc-01,slow,0.3,svc-07,,0.0,0.0,0.0,False,,120.6,104.9,-15.7,0.0,0,1,False,0.01838,1,5,False,-1,-1,0
svc-01,slow,0.3,svc-08,,0.0,0.0,0.0,False,,227.5,199.0,-28.5,0.0,0,1,False,0.04412,2,5,False,-1,-1,0
svc-01,slow,0.3,svc-09,,0.0,0.0,0.0,False,,235.1,217.4,-17.7,0.0,0,1,False,0.01838,1,3,False,-1,-1,0
svc-01,slow,0.3,svc-10,,0.0,0.0,0.0,False,,14.7,11.4,-3.3,0.0,0,1,False,0.0,6,0,False,-1,-1,0
svc-01,slow,0.3,svc-11,,0.0,0.0,0.0,False,,15.1,11.0,-4.1,0.0,0,1,False,0.0,2,0,False,-1,-1,0
svc-01,slow,0.3,svc-12,,0.0,0.0,0.0,False,,17.4,11.6,-5.8,0.0,0,1,False,0.0,1,0,False,-1,-1,0
svc-01,slow,0.3,svc-13,,0.0,0.0,0.0,False,,16.7,12.4,-4.3,0.0,0,1,False,0.0,2,0,False,-1,-1,0
svc-01,slow,0.3,svc-14,,0.0,0.0,0.0,False,,16.4,13.2,-3.2,0.0,0,1,False,0.0,2,0,False,-1,-1,0
svc-01,slow,0.3,svc-15,,0.0,0.0,0.0,False,,16.9,13.0,-3.9,0.0,0,1,False,0.0,3,0,False,-1,-1,0
svc-01,slow,0.3,svc-16,,0.0,0.0,0.0,False,,16.3,12.7,-3.6,0.0,0,1,False,0.0,2,0,False,-1,-1,0
svc-01,slow,0.3,svc-17,,0.0,0.0,0.0,False,,14.6,12.0,-2.6,0.0,0,1,False,0.0,1,0,False,-1,-1,0
svc-02,down,1.0,svc-00,,0.0,0.0,0.0,False,,265.8,240.6,-25.2,0.0,0,2,False,0.0,0,3,False,-1,-1,1
svc-02,down,1.0,svc-01,,0.0,0.0,0.0,False,,256.7,192.3,-64.4,0.0,0,2,False,0.0,0,1,False,-1,-1,1
svc-02,down,1.0,svc-03,,0.0,0.0,0.0,False,,253.7,216.2,-37.5,0.0,0,2,False,0.0,0,2,False,-1,-1,1
svc-02,down,1.0,svc-04,,0.0,0.0,0.0,False,,117.3,98.5,-18.8,0.0,0,2,False,0.0,1,1,False,-1,-1,1
svc-02,down,1.0,svc-05,,0.0,0.0,0.0,False,,226.3,151.7,-74.6,0.0,0,2,False,0.01838,3,3,False,-1,-1,1
svc-02,down,1.0,svc-06,,0.0,0.0,0.0,False,,136.6,128.1,-8.5,0.0,0,2,False,0.01103,1,3,False,-1,-1,1
svc-02,down,1.0,svc-07,,0.0,0.0,0.0,False,,133.2,96.7,-36.5,0.0,0,2,False,0.01838,1,5,False,-1,-1,1
svc-02,down,1.0,svc-08,,0.0,0.0,0.0,False,,162.0,183.0,21.0,0.0,0,2,False,0.04412,2,5,False,-1,-1,1
svc-02,down,1.0,svc-09,,0.0,0.0,0.0,False,,222.0,211.2,-10.8,0.0,0,2,False,0.01838,1,3,False,-1,-1,1
svc-02,down,1.0,svc-10,,0.0,0.0,0.0,False,,18.3,16.5,-1.8,0.0,0,2,False,0.0,6,0,False,-1,-1,1
svc-02,down,1.0,svc-11,,0.0,0.0,0.0,False,,20.6,16.9,-3.7,0.0,0,2,False,0.0,2,0,False,-1,-1,1
svc-02,down,1.0,svc-12,,0.0,0.0,0.0,False,,20.1,15.6,-4.5,0.0,0,2,False,0.0,1,0,False,-1,-1,1
svc-02,down,1.0,svc-13,,0.0,0.0,0.0,False,,19.0,16.8,-2.2,0.0,0,2,False,0.0,2,0,False,-1,-1,1
svc-02,down,1.0,svc-14,,0.0,0.0,0.0,False,,20.8,16.9,-3.9,0.0,0,2,False,0.0,2,0,False,-1,-1,1
svc-02,down,1.0,svc-15,,0.0,0.0,0.0,False,,19.2,16.3,-2.9,0.0,0,2,False,0.0,3,0,False,-1,-1,1
svc-02,down,1.0,svc-16,,0.0,0.0,0.0,False,,19.8,15.4,-4.4,0.0,0,2,False,0.0,2,0,False,-1,-1,1
svc-02,down,1.0,svc-17,,0.0,0.0,0.0,False,,19.0,15.5,-3.5,0.0,0,2,False,0.0,1,0,False,-1,-1,1
svc-02,down,0.5,svc-00,,0.0,0.0,0.0,False,,253.0,244.9,-8.1,0.0,0,2,False,0.0,0,3,False,-1,-1,1
svc-02,down,0.5,svc-01,,0.0,0.0,0.0,False,,232.1,210.8,-21.3,0.0,0,2,False,0.0,0,1,False,-1,-1,1
svc-02,down,0.5,svc-03,,0.0,0.0,0.0,False,,223.1,222.3,-0.8,0.0,0,2,False,0.0,0,2,False,-1,-1,1
svc-02,down,0.5,svc-04,,0.0,0.0,0.0,False,,129.3,96.4,-32.9,0.0,0,2,False,0.0,1,1,False,-1,-1,1
svc-02,down,0.5,svc-05,,0.0,0.0,0.0,False,,198.0,159.4,-38.6,0.0,0,2,False,0.01838,3,3,False,-1,-1,1
svc-02,down,0.5,svc-06,,0.0,0.0,0.0,False,,136.0,124.5,-11.5,0.0,0,2,False,0.01103,1,3,False,-1,-1,1
svc-02,down,0.5,svc-07,,0.0,0.0,0.0,False,,147.8,110.0,-37.8,0.0,0,2,False,0.01838,1,5,False,-1,-1,1
svc-02,down,0.5,svc-08,,0.0,0.0,0.0,False,,184.6,168.6,-16.0,0.0,0,2,False,0.04412,2,5,False,-1,-1,1
svc-02,down,0.5,svc-09,,0.0,0.0,0.0,False,,223.6,223.6,0.0,0.0,0,2,False,0.01838,1,3,False,-1,-1,1
svc-02,down,0.5,svc-10,,0.0,0.0,0.0,False,,17.0,19.0,2.0,0.0,0,2,False,0.0,6,0,False,-1,-1,1
svc-02,down,0.5,svc-11,,0.0,0.0,0.0,False,,16.6,20.1,3.5,0.0,0,2,False,0.0,2,0,False,-1,-1,1
svc-02,down,0.5,svc-12,,0.0,0.0,0.0,False,,21.5,19.8,-1.7,0.0,0,2,False,0.0,1,0,False,-1,-1,1
svc-02,down,0.5,svc-13,,0.0,0.0,0.0,False,,21.2,20.0,-1.2,0.0,0,2,False,0.0,2,0,False,-1,-1,1
svc-02,down,0.5,svc-14,,0.0,0.0,0.0,False,,20.1,19.3,-0.8,0.0,0,2,False,0.0,2,0,False,-1,-1,1
svc-02,down,0.5,svc-15,,0.0,0.0,0.0,False,,19.5,19.2,-0.3,0.0,0,2,False,0.0,3,0,False,-1,-1,1
svc-02,down,0.5,svc-16,,0.0,0.0,0.0,False,,20.7,18.8,-1.9,0.0,0,2,False,0.0,2,0,False,-1,-1,1
svc-02,down,0.5,svc-17,,0.0,0.0,0.0,False,,18.9,19.1,0.2,0.0,0,2,False,0.0,1,0,False,-1,-1,1
svc-02,slow,0.8,svc-00,,0.0,0.0,0.0,False,,234.7,246.1,11.4,0.0,0,2,False,0.0,0,3,False,-1,-1,0
svc-02,slow,0.8,svc-01,,0.0,0.0,0.0,False,,221.7,206.0,-15.7,0.0,0,2,False,0.0,0,1,False,-1,-1,0
svc-02,slow,0.8,svc-03,,0.0,0.0,0.0,False,,213.6,224.4,10.8,0.0,0,2,False,0.0,0,2,False,-1,-1,0
svc-02,slow,0.8,svc-04,,0.0,0.0,0.0,False,,91.3,109.8,18.5,0.0,0,2,False,0.0,1,1,False,-1,-1,0
svc-02,slow,0.8,svc-05,,0.0,0.0,0.0,False,,186.3,156.0,-30.3,0.0,0,2,False,0.01838,3,3,False,-1,-1,0
svc-02,slow,0.8,svc-06,,0.0,0.0,0.0,False,,121.1,129.1,8.0,0.0,0,2,False,0.01103,1,3,False,-1,-1,0
svc-02,slow,0.8,svc-07,,0.0,0.0,0.0,False,,109.2,96.4,-12.8,0.0,0,2,False,0.01838,1,5,False,-1,-1,0
svc-02,slow,0.8,svc-08,,0.0,0.0,0.0,False,,203.7,209.1,5.4,0.0,0,2,False,0.04412,2,5,False,-1,-1,0
svc-02,slow,0.8,svc-09,,0.0,0.0,0.0,False,,212.3,222.0,9.7,0.0,0,2,False,0.01838,1,3,False,-1,-1,0
svc-02,slow,0.8,svc-10,,0.0,0.0,0.0,False,,14.1,12.1,-2.0,0.0,0,2,False,0.0,6,0,False,-1,-1,0
svc-02,slow,0.8,svc-11,,0.0,0.0,0.0,False,,15.2,11.4,-3.8,0.0,0,2,False,0.0,2,0,False,-1,-1,0
svc-02,slow,0.8,svc-12,,0.0,0.0,0.0,False,,16.2,12.3,-3.9,0.0,0,2,False,0.0,1,0,False,-1,-1,0
svc-02,slow,0.8,svc-13,,0.0,0.0,0.0,False,,16.3,11.6,-4.7,0.0,0,2,False,0.0,2,0,False,-1,-1,0
svc-02,slow,0.8,svc-14,,0.0,0.0,0.0,False,,15.8,12.0,-3.8,0.0,0,2,False,0.0,2,0,False,-1,-1,0
svc-02,slow,0.8,svc-15,,0.0,0.0,0.0,False,,15.5,12.9,-2.6,0.0,0,2,False,0.0,3,0,False,-1,-1,0
svc-02,slow,0.8,svc-16,,0.0,0.0,0.0,False,,14.5,11.9,-2.6,0.0,0,2,False,0.0,2,0,False,-1,-1,0
svc-02,slow,0.8,svc-17,,0.0,0.0,0.0,False,,15.0,12.4,-2.6,0.0,0,2,False,0.0,1,0,False,-1,-1,0
svc-02,slow,0.3,svc-00,,0.0,0.0,0.0,False,,243.5,237.7,-5.8,0.0,0,2,False,0.0,0,3,False,-1,-1,0
svc-02,slow,0.3,svc-01,,0.0,0.0,0.0,False,,223.7,193.6,-30.1,0.0,0,2,False,0.0,0,1,False,-1,-1,0
svc-02,slow,0.3,svc-03,,0.0,0.0,0.0,False,,225.4,217.4,-8.0,0.0,0,2,False,0.0,0,2,False,-1,-1,0
svc-02,slow,0.3,svc-04,,0.0,0.0,0.0,False,,83.1,98.0,14.9,0.0,0,2,False,0.0,1,1,False,-1,-1,0
svc-02,slow,0.3,svc-05,,0.0,0.0,0.0,False,,186.3,147.8,-38.5,0.0,0,2,False,0.01838,3,3,False,-1,-1,0
svc-02,slow,0.3,svc-06,,0.0,0.0,0.0,False,,130.9,120.1,-10.8,0.0,0,2,False,0.01103,1,3,False,-1,-1,0
svc-02,slow,0.3,svc-07,,0.0,0.0,0.0,False,,122.0,96.0,-26.0,0.0,0,2,False,0.01838,1,5,False,-1,-1,0
svc-02,slow,0.3,svc-08,,0.0,0.0,0.0,False,,201.2,185.0,-16.2,0.0,0,2,False,0.04412,2,5,False,-1,-1,0
svc-02,slow,0.3,svc-09,,0.0,0.0,0.0,False,,212.5,219.2,6.7,0.0,0,2,False,0.01838,1,3,False,-1,-1,0
svc-02,slow,0.3,svc-10,,0.0,0.0,0.0,False,,16.5,12.2,-4.3,0.0,0,2,False,0.0,6,0,False,-1,-1,0
svc-02,slow,0.3,svc-11,,0.0,0.0,0.0,False,,17.1,11.9,-5.2,0.0,0,2,False,0.0,2,0,False,-1,-1,0
svc-02,slow,0.3,svc-12,,0.0,0.0,0.0,False,,18.0,13.0,-5.0,0.0,0,2,False,0.0,1,0,False,-1,-1,0
svc-02,slow,0.3,svc-13,,0.0,0.0,0.0,False,,18.1,14.0,-4.1,0.0,0,2,False,0.0,2,0,False,-1,-1,0
svc-02,slow,0.3,svc-14,,0.0,0.0,0.0,False,,17.4,12.7,-4.7,0.0,0,2,False,0.0,2,0,False,-1,-1,0
svc-02,slow,0.3,svc-15,,0.0,0.0,0.0,False,,17.1,13.4,-3.7,0.0,0,2,False,0.0,3,0,False,-1,-1,0
svc-02,slow,0.3,svc-16,,0.0,0.0,0.0,False,,16.6,13.2,-3.4,0.0,0,2,False,0.0,2,0,False,-1,-1,0
svc-02,slow,0.3,svc-17,,0.0,0.0,0.0,False,,16.6,12.6,-4.0,0.0,0,2,False,0.0,1,0,False,-1,-1,0
svc-03,down,1.0,svc-00,,0.0,0.0,0.0,False,,261.3,222.9,-38.4,0.0,0,2,False,0.0,0,3,False,-1,-1,1
svc-03,down,1.0,svc-01,,0.0,0.0,0.0,False,,235.5,197.3,-38.2,0.0,0,2,False,0.0,0,1,False,-1,-1,1
svc-03,down,1.0,svc-02,,0.0,0.0,0.0,False,,213.8,168.1,-45.7,0.0,0,2,False,0.0,0,2,False,-1,-1,1
svc-03,down,1.0,svc-04,,0.0,0.0,0.0,False,,89.0,90.9,1.9,0.0,0,2,False,0.0,1,1,False,-1,-1,1
svc-03,down,1.0,svc-05,,0.0,0.0,0.0,False,,197.0,147.5,-49.5,0.0,0,2,False,0.01838,3,3,False,-1,-1,1
svc-03,down,1.0,svc-06,,0.0,0.0,0.0,False,,139.5,120.7,-18.8,0.0,0,2,False,0.01103,1,3,False,-1,-1,1
svc-03,down,1.0,svc-07,,0.0,0.0,0.0,False,,135.3,115.1,-20.2,0.0,0,2,False,0.01838,1,5,False,-1,-1,1
svc-03,down,1.0,svc-08,,0.0,0.0,0.0,False,,229.0,94.0,-135.0,0.0,0,2,False,0.04412,2,5,False,-1,-1,1
svc-03,down,1.0,svc-09,,0.0,0.0,0.0,False,,238.0,174.4,-63.6,0.0,0,2,False,0.01838,1,3,False,-1,-1,1
svc-03,down,1.0,svc-10,,0.0,0.0,0.0,False,,16.4,16.1,-0.3,0.0,0,2,False,0.0,6,0,False,-1,-1,1
svc-03,down,1.0,svc-11,,0.0,0.0,0.0,False,,15.8,16.1,0.3,0.0,0,2,False,0.0,2,0,False,-1,-1,1
svc-03,down,1.0,svc-12,,0.0,0.0,0.0,False,,17.9,16.1,-1.8,0.0,0,2,False,0.0,1,0,False,-1,-1,1
svc-03,down,1.0,svc-13,,0.0,0.0,0.0,False,,18.5,15.6,-2.9,0.0,0,2,False,0.0,2,0,False,-1,-1,1
svc-03,down,1.0,svc-14,,0.0,0.0,0.0,False,,17.3,15.8,-1.5,0.0,0,2,False,0.0,2,0,False,-1,-1,1
svc-03,down,1.0,svc-15,,0.0,0.0,0.0,False,,18.2,15.1,-3.1,0.0,0,2,False,0.0,3,0,False,-1,-1,1
svc-03,down,1.0,svc-16,,0.0,0.0,0.0,False,,17.8,15.4,-2.4,0.0,0,2,False,0.0,2,0,False,-1,-1,1
svc-03,down,1.0,svc-17,,0.0,0.0,0.0,False,,17.3,14.9,-2.4,0.0,0,2,False,0.0,1,0,False,-1,-1,1
svc-03,down,0.5,svc-00,,0.0,0.0,0.0,False,,239.9,235.8,-4.1,0.0,0,2,False,0.0,0,3,False,-1,-1,1
svc-03,down,0.5,svc-01,,0.0,0.0,0.0,False,,224.7,209.2,-15.5,0.0,0,2,False,0.0,0,1,False,-1,-1,1
svc-03,down,0.5,svc-02,,0.0,0.0,0.0,False,,196.1,189.0,-7.1,0.0,0,2,False,0.0,0,2,False,-1,-1,1
svc-03,down,0.5,svc-04,,0.0,0.0,0.0,False,,80.6,95.0,14.4,0.0,0,2,False,0.0,1,1,False,-1,-1,1
svc-03,down,0.5,svc-05,,0.0,0.0,0.0,False,,190.4,155.9,-34.5,0.0,0,2,False,0.01838,3,3,False,-1,-1,1
svc-03,down,0.5,svc-06,,0.0,0.0,0.0,False,,132.8,122.9,-9.9,0.0,0,2,False,0.01103,1,3,False,-1,-1,1
svc-03,down,0.5,svc-07,,0.0,0.0,0.0,False,,139.1,103.3,-35.8,0.0,0,2,False,0.01838,1,5,False,-1,-1,1
svc-03,down,0.5,svc-08,,0.0,0.0,0.0,False,,194.0,137.7,-56.3,0.0,0,2,False,0.04412,2,5,False,-1,-1,1
svc-03,down,0.5,svc-09,,0.0,0.0,0.0,False,,210.9,179.4,-31.5,0.0,0,2,False,0.01838,1,3,False,-1,-1,1
svc-03,down,0.5,svc-10,,0.0,0.0,0.0,False,,13.3,14.9,1.6,0.0,0,2,False,0.0,6,0,False,-1,-1,1
svc-03,down,0.5,svc-11,,0.0,0.0,0.0,False,,13.3,14.8,1.5,0.0,0,2,False,0.0,2,0,False,-1,-1,1
svc-03,down,0.5,svc-12,,0.0,0.0,0.0,False,,16.4,15.3,-1.1,0.0,0,2,False,0.0,1,0,False,-1,-1,1
svc-03,down,0.5,svc-13,,0.0,0.0,0.0,False,,14.2,15.4,1.2,0.0,0,2,False,0.0,2,0,False,-1,-1,1
svc-03,down,0.5,svc-14,,0.0,0.0,0.0,False,,16.4,14.9,-1.5,0.0,0,2,False,0.0,2,0,False,-1,-1,1
svc-03,down,0.5,svc-15,,0.0,0.0,0.0,False,,14.7,15.3,0.6,0.0,0,2,False,0.0,3,0,False,-1,-1,1
svc-03,down,0.5,svc-16,,0.0,0.0,0.0,False,,14.9,14.7,-0.2,0.0,0,2,False,0.0,2,0,False,-1,-1,1
svc-03,down,0.5,svc-17,,0.0,0.0,0.0,False,,15.1,14.6,-0.5,0.0,0,2,False,0.0,1,0,False,-1,-1,1
svc-03,slow,0.8,svc-00,,0.0,0.0,0.0,False,,236.4,229.0,-7.4,0.0,0,2,False,0.0,0,3,False,-1,-1,0
svc-03,slow,0.8,svc-01,,0.0,0.0,0.0,False,,233.5,176.0,-57.5,0.0,0,2,False,0.0,0,1,False,-1,-1,0
svc-03,slow,0.8,svc-02,,0.0,0.0,0.0,False,,225.3,165.6,-59.7,0.0,0,2,False,0.0,0,2,False,-1,-1,0
svc-03,slow,0.8,svc-04,,0.0,0.0,0.0,False,,124.5,85.0,-39.5,0.0,0,2,False,0.0,1,1,False,-1,-1,0
svc-03,slow,0.8,svc-05,,0.0,0.0,0.0,False,,196.2,139.7,-56.5,0.0,0,2,False,0.01838,3,3,False,-1,-1,0
svc-03,slow,0.8,svc-06,,0.0,0.0,0.0,False,,120.2,119.5,-0.7,0.0,0,2,False,0.01103,1,3,False,-1,-1,0
svc-03,slow,0.8,svc-07,,0.0,0.0,0.0,False,,123.9,104.8,-19.1,0.0,0,2,False,0.01838,1,5,False,-1,-1,0
svc-03,slow,0.8,svc-08,,0.0,0.0,0.0,False,,185.5,135.0,-50.5,0.0,0,2,False,0.04412,2,5,False,-1,-1,0
svc-03,slow,0.8,svc-09,,0.0,0.0,0.0,False,,213.1,191.2,-21.9,0.0,0,2,False,0.01838,1,3,False,-1,-1,0
svc-03,slow,0.8,svc-10,,0.0,0.0,0.0,False,,15.8,10.6,-5.2,0.0,0,2,False,0.0,6,0,False,-1,-1,0
svc-03,slow,0.8,svc-11,,0.0,0.0,0.0,False,,15.8,11.5,-4.3,0.0,0,2,False,0.0,2,0,False,-1,-1,0
svc-03,slow,0.8,svc-12,,0.0,0.0,0.0,False,,16.8,11.7,-5.1,0.0,0,2,False,0.0,1,0,False,-1,-1,0
svc-03,slow,0.8,svc-13,,0.0,0.0,0.0,False,,16.1,12.6,-3.5,0.0,0,2,False,0.0,2,0,False,-1,-1,0
svc-03,slow,0.8,svc-14,,0.0,0.0,0.0,False,,15.4,11.9,-3.5,0.0,0,2,False,0.0,2,0,False,-1,-1,0
svc-03,slow,0.8,svc-15,,0.0,0.0,0.0,False,,14.9,12.2,-2.7,0.0,0,2,False,0.0,3,0,False,-1,-1,0
svc-03,slow,0.8,svc-16,,0.0,0.0,0.0,False,,14.6,12.5,-2.1,0.0,0,2,False,0.0,2,0,False,-1,-1,0
svc-03,slow,0.8,svc-17,,0.0,0.0,0.0,False,,15.2,12.0,-3.2,0.0,0,2,False,0.0,1,0,False,-1,-1,0
svc-03,slow,0.3,svc-00,,0.0,0.0,0.0,False,,265.5,225.7,-39.8,0.0,0,2,False,0.0,0,3,False,-1,-1,0
svc-03,slow,0.3,svc-01,,0.0,0.0,0.0,False,,261.9,187.6,-74.3,0.0,0,2,False,0.0,0,1,False,-1,-1,0
svc-03,slow,0.3,svc-02,,0.0,0.0,0.0,False,,261.3,163.1,-98.2,0.0,0,2,False,0.0,0,2,False,-1,-1,0
svc-03,slow,0.3,svc-04,,0.0,0.0,0.0,False,,110.1,97.3,-12.8,0.0,0,2,False,0.0,1,1,False,-1,-1,0
svc-03,slow,0.3,svc-05,,0.0,0.0,0.0,False,,170.4,139.1,-31.3,0.0,0,2,False,0.01838,3,3,False,-1,-1,0
svc-03,slow,0.3,svc-06,,0.0,0.0,0.0,False,,148.7,118.9,-29.8,0.0,0,2,False,0.01103,1,3,False,-1,-1,0
svc-03,slow,0.3,svc-07,,0.0,0.0,0.0,False,,101.5,99.7,-1.8,0.0,0,2,False,0.01838,1,5,False,-1,-1,0
svc-03,slow,0.3,svc-08,,0.0,0.0,0.0,False,,240.0,115.0,-125.0,0.0,0,2,False,0.04412,2,5,False,-1,-1,0
svc-03,slow,0.3,svc-09,,0.0,0.0,0.0,False,,246.7,153.7,-93.0,0.0,0,2,False,0.01838,1,3,False,-1,-1,0
svc-03,slow,0.3,svc-10,,0.0,0.0,0.0,False,,16.9,10.1,-6.8,0.0,0,2,False,0.0,6,0,False,-1,-1,0
svc-03,slow,0.3,svc-11,,0.0,0.0,0.0,False,,18.0,9.9,-8.1,0.0,0,2,False,0.0,2,0,False,-1,-1,0
svc-03,slow,0.3,svc-12,,0.0,0.0,0.0,False,,19.0,11.0,-8.0,0.0,0,2,False,0.0,1,0,False,-1,-1,0
svc-03,slow,0.3,svc-13,,0.0,0.0,0.0,False,,18.5,11.0,-7.5,0.0,0,2,False,0.0,2,0,False,-1,-1,0
svc-03,slow,0.3,svc-14,,0.0,0.0,0.0,False,,16.8,12.4,-4.4,0.0,0,2,False,0.0,2,0,False,-1,-1,0
svc-03,slow,0.3,svc-15,,0.0,0.0,0.0,False,,18.6,11.3,-7.3,0.0,0,2,False,0.0,3,0,False,-1,-1,0
svc-03,slow,0.3,svc-16,,0.0,0.0,0.0,False,,17.2,11.0,-6.2,0.0,0,2,False,0.0,2,0,False,-1,-1,0
svc-03,slow,0.3,svc-17,,0.0,0.0,0.0,False,,16.9,12.4,-4.5,0.0,0,2,False,0.0,1,0,False,-1,-1,0
svc-04,down,1.0,svc-00,1.0,0.0,1.0,1.0,True,0.0,251.9,240.3,-11.6,0.0,1,1,False,0.0,0,3,True,1200,1,1
svc-04,down,1.0,svc-01,,0.0,0.0,0.0,False,,238.6,224.3,-14.3,0.0,1,1,False,0.0,0,1,False,-1,-1,1
svc-04,down,1.0,svc-02,,0.0,0.0,0.0,False,,228.9,210.1,-18.8,0.0,1,1,False,0.0,0,2,False,-1,-1,1
svc-04,down,1.0,svc-03,,0.0,0.0,0.0,False,,234.4,215.6,-18.8,0.0,1,1,False,0.0,0,2,False,-1,-1,1
svc-04,down,1.0,svc-05,,0.0,0.0,0.0,False,,132.4,176.8,44.4,0.0,1,1,False,0.01838,3,3,False,-1,-1,1
svc-04,down,1.0,svc-06,,0.0,0.0,0.0,False,,120.0,121.1,1.1,0.0,1,1,False,0.01103,1,3,False,-1,-1,1
svc-04,down,1.0,svc-07,,0.0,0.0,0.0,False,,129.6,113.4,-16.2,0.0,1,1,False,0.01838,1,5,False,-1,-1,1
svc-04,down,1.0,svc-08,,0.0,0.0,0.0,False,,223.7,148.5,-75.2,0.0,1,1,False,0.04412,2,5,False,-1,-1,1
svc-04,down,1.0,svc-09,,0.0,0.0,0.0,False,,230.8,220.8,-10.0,0.0,1,1,False,0.01838,1,3,False,-1,-1,1
svc-04,down,1.0,svc-10,,0.0,0.0,0.0,False,,21.2,16.1,-5.1,0.0,1,1,False,0.0,6,0,False,-1,-1,1
svc-04,down,1.0,svc-11,,0.0,0.0,0.0,False,,23.1,16.8,-6.3,0.0,1,1,False,0.0,2,0,False,-1,-1,1
svc-04,down,1.0,svc-12,,0.0,0.0,0.0,False,,24.5,17.2,-7.3,0.0,1,1,False,0.0,1,0,False,-1,-1,1
svc-04,down,1.0,svc-13,,0.0,0.0,0.0,False,,24.2,16.3,-7.9,0.0,1,1,False,0.0,2,0,False,-1,-1,1
svc-04,down,1.0,svc-14,,0.0,0.0,0.0,False,,24.7,16.4,-8.3,0.0,1,1,False,0.0,2,0,False,-1,-1,1
svc-04,down,1.0,svc-15,,0.0,0.0,0.0,False,,21.4,16.3,-5.1,0.0,1,1,False,0.0,3,0,False,-1,-1,1
svc-04,down,1.0,svc-16,,0.0,0.0,0.0,False,,23.9,16.1,-7.8,0.0,1,1,False,0.0,2,0,False,-1,-1,1
svc-04,down,1.0,svc-17,,0.0,0.0,0.0,False,,23.4,15.6,-7.8,0.0,1,1,False,0.0,1,0,False,-1,-1,1
svc-04,down,0.5,svc-00,1.0,0.0,0.125,0.125,True,3503.8,241.1,247.1,6.0,0.0,1,1,False,0.0,0,3,True,1200,1,1
svc-04,down,0.5,svc-01,,0.0,0.0,0.0,False,,223.4,230.9,7.5,0.0,1,1,False,0.0,0,1,False,-1,-1,1
svc-04,down,0.5,svc-02,,0.0,0.0,0.0,False,,222.4,223.1,0.7,0.0,1,1,False,0.0,0,2,False,-1,-1,1
svc-04,down,0.5,svc-03,,0.0,0.0,0.0,False,,219.9,223.7,3.8,0.0,1,1,False,0.0,0,2,False,-1,-1,1
svc-04,down,0.5,svc-05,,0.0,0.0,0.0,False,,184.9,198.2,13.3,0.0,1,1,False,0.01838,3,3,False,-1,-1,1
svc-04,down,0.5,svc-06,,0.0,0.0,0.0,False,,119.2,125.9,6.7,0.0,1,1,False,0.01103,1,3,False,-1,-1,1
svc-04,down,0.5,svc-07,,0.0,0.0,0.0,False,,133.5,117.5,-16.0,0.0,1,1,False,0.01838,1,5,False,-1,-1,1
svc-04,down,0.5,svc-08,,0.0,0.0,0.0,False,,156.2,209.0,52.8,0.0,1,1,False,0.04412,2,5,False,-1,-1,1
svc-04,down,0.5,svc-09,,0.0,0.0,0.0,False,,222.7,227.4,4.7,0.0,1,1,False,0.01838,1,3,False,-1,-1,1
svc-04,down,0.5,svc-10,,0.0,0.0,0.0,False,,14.0,17.0,3.0,0.0,1,1,False,0.0,6,0,False,-1,-1,1
svc-04,down,0.5,svc-11,,0.0,0.0,0.0,False,,15.1,17.9,2.8,0.0,1,1,False,0.0,2,0,False,-1,-1,1
svc-04,down,0.5,svc-12,,0.0,0.0,0.0,False,,16.1,17.5,1.4,0.0,1,1,False,0.0,1,0,False,-1,-1,1
svc-04,down,0.5,svc-13,,0.0,0.0,0.0,False,,15.7,16.4,0.7,0.0,1,1,False,0.0,2,0,False,-1,-1,1
svc-04,down,0.5,svc-14,,0.0,0.0,0.0,False,,14.6,16.9,2.3,0.0,1,1,False,0.0,2,0,False,-1,-1,1
svc-04,down,0.5,svc-15,,0.0,0.0,0.0,False,,14.9,17.2,2.3,0.0,1,1,False,0.0,3,0,False,-1,-1,1
svc-04,down,0.5,svc-16,,0.0,0.0,0.0,False,,13.8,16.8,3.0,0.0,1,1,False,0.0,2,0,False,-1,-1,1
svc-04,down,0.5,svc-17,,0.0,0.0,0.0,False,,13.9,16.5,2.6,0.0,1,1,False,0.0,1,0,False,-1,-1,1
svc-04,slow,0.8,svc-00,1.0,0.0,1.0,1.0,True,0.0,263.7,2509.1,2245.4,0.0,1,1,False,0.0,0,3,True,1200,1,0
svc-04,slow,0.8,svc-01,,0.0,0.0,0.0,False,,239.9,232.8,-7.1,0.0,1,1,False,0.0,0,1,False,-1,-1,0
svc-04,slow,0.8,svc-02,,0.0,0.0,0.0,False,,213.1,232.3,19.2,0.0,1,1,False,0.0,0,2,False,-1,-1,0
svc-04,slow,0.8,svc-03,,0.0,0.0,0.0,False,,250.5,225.0,-25.5,0.0,1,1,False,0.0,0,2,False,-1,-1,0
svc-04,slow,0.8,svc-05,,0.0,0.0,0.0,False,,198.8,192.3,-6.5,0.0,1,1,False,0.01838,3,3,False,-1,-1,0
svc-04,slow,0.8,svc-06,,0.0,0.0,0.0,False,,128.3,125.7,-2.6,0.0,1,1,False,0.01103,1,3,False,-1,-1,0
svc-04,slow,0.8,svc-07,,0.0,0.0,0.0,False,,142.5,112.4,-30.1,0.0,1,1,False,0.01838,1,5,False,-1,-1,0
svc-04,slow,0.8,svc-08,,0.0,0.0,0.0,False,,189.5,209.1,19.6,0.0,1,1,False,0.04412,2,5,False,-1,-1,0
svc-04,slow,0.8,svc-09,,0.0,0.0,0.0,False,,239.8,221.6,-18.2,0.0,1,1,False,0.01838,1,3,False,-1,-1,0
svc-04,slow,0.8,svc-10,,0.0,0.0,0.0,False,,17.6,11.8,-5.8,0.0,1,1,False,0.0,6,0,False,-1,-1,0
svc-04,slow,0.8,svc-11,,0.0,0.0,0.0,False,,17.3,13.0,-4.3,0.0,1,1,False,0.0,2,0,False,-1,-1,0
svc-04,slow,0.8,svc-12,,0.0,0.0,0.0,False,,17.2,11.9,-5.3,0.0,1,1,False,0.0,1,0,False,-1,-1,0
svc-04,slow,0.8,svc-13,,0.0,0.0,0.0,False,,16.8,13.2,-3.6,0.0,1,1,False,0.0,2,0,False,-1,-1,0
svc-04,slow,0.8,svc-14,,0.0,0.0,0.0,False,,17.8,10.8,-7.0,0.0,1,1,False,0.0,2,0,False,-1,-1,0
svc-04,slow,0.8,svc-15,,0.0,0.0,0.0,False,,17.9,14.1,-3.8,0.0,1,1,False,0.0,3,0,False,-1,-1,0
svc-04,slow,0.8,svc-16,,0.0,0.0,0.0,False,,17.6,11.2,-6.4,0.0,1,1,False,0.0,2,0,False,-1,-1,0
svc-04,slow,0.8,svc-17,,0.0,0.0,0.0,False,,15.9,14.2,-1.7,0.0,1,1,False,0.0,1,0,False,-1,-1,0
svc-04,slow,0.3,svc-00,1.0,0.0,0.0,0.0,False,,251.7,630.4,378.7,0.0,1,1,False,0.0,0,3,True,1200,1,0
svc-04,slow,0.3,svc-01,,0.0,0.0,0.0,False,,252.5,221.8,-30.7,0.0,1,1,False,0.0,0,1,False,-1,-1,0
svc-04,slow,0.3,svc-02,,0.0,0.0,0.0,False,,239.1,211.5,-27.6,0.0,1,1,False,0.0,0,2,False,-1,-1,0
svc-04,slow,0.3,svc-03,,0.0,0.0,0.0,False,,236.5,216.3,-20.2,0.0,1,1,False,0.0,0,2,False,-1,-1,0
svc-04,slow,0.3,svc-05,,0.0,0.0,0.0,False,,212.7,174.0,-38.7,0.0,1,1,False,0.01838,3,3,False,-1,-1,0
svc-04,slow,0.3,svc-06,,0.0,0.0,0.0,False,,150.9,122.0,-28.9,0.0,1,1,False,0.01103,1,3,False,-1,-1,0
svc-04,slow,0.3,svc-07,,0.0,0.0,0.0,False,,146.4,111.8,-34.6,0.0,1,1,False,0.01838,1,5,False,-1,-1,0
svc-04,slow,0.3,svc-08,,0.0,0.0,0.0,False,,170.5,143.1,-27.4,0.0,1,1,False,0.04412,2,5,False,-1,-1,0
svc-04,slow,0.3,svc-09,,0.0,0.0,0.0,False,,227.3,210.5,-16.8,0.0,1,1,False,0.01838,1,3,False,-1,-1,0
svc-04,slow,0.3,svc-10,,0.0,0.0,0.0,False,,12.9,10.2,-2.7,0.0,1,1,False,0.0,6,0,False,-1,-1,0
svc-04,slow,0.3,svc-11,,0.0,0.0,0.0,False,,14.3,10.4,-3.9,0.0,1,1,False,0.0,2,0,False,-1,-1,0
svc-04,slow,0.3,svc-12,,0.0,0.0,0.0,False,,15.3,10.1,-5.2,0.0,1,1,False,0.0,1,0,False,-1,-1,0
svc-04,slow,0.3,svc-13,,0.0,0.0,0.0,False,,15.4,10.8,-4.6,0.0,1,1,False,0.0,2,0,False,-1,-1,0
svc-04,slow,0.3,svc-14,,0.0,0.0,0.0,False,,15.9,11.6,-4.3,0.0,1,1,False,0.0,2,0,False,-1,-1,0
svc-04,slow,0.3,svc-15,,0.0,0.0,0.0,False,,15.3,11.9,-3.4,0.0,1,1,False,0.0,3,0,False,-1,-1,0
svc-04,slow,0.3,svc-16,,0.0,0.0,0.0,False,,15.6,11.9,-3.7,0.0,1,1,False,0.0,2,0,False,-1,-1,0
svc-04,slow,0.3,svc-17,,0.0,0.0,0.0,False,,14.3,12.1,-2.2,0.0,1,1,False,0.0,1,0,False,-1,-1,0
svc-05,down,1.0,svc-00,,0.0,0.0,0.0,False,,253.8,233.6,-20.2,0.01838,3,3,True,0.0,0,3,False,-1,-1,1
svc-05,down,1.0,svc-01,1.0,0.0,1.0,1.0,True,0.0,234.4,147.7,-86.7,0.01838,3,3,True,0.0,0,1,True,800,1,1
svc-05,down,1.0,svc-02,1.0,0.0,1.0,1.0,True,0.0,224.3,153.3,-71.0,0.01838,3,3,True,0.0,0,2,True,1500,0,1
svc-05,down,1.0,svc-03,1.0,0.0,1.0,1.0,True,0.0,233.4,211.9,-21.5,0.01838,3,3,True,0.0,0,2,True,1500,0,1
svc-05,down,1.0,svc-04,,0.0,0.0,0.0,False,,87.8,84.9,-2.9,0.01838,3,3,True,0.0,1,1,False,-1,-1,1
svc-05,down,1.0,svc-06,,0.0,0.0,0.0,False,,130.7,120.6,-10.1,0.01838,3,3,True,0.01103,1,3,False,-1,-1,1
svc-05,down,1.0,svc-07,,0.0,0.0,0.0,False,,137.6,119.5,-18.1,0.01838,3,3,True,0.01838,1,5,False,-1,-1,1
svc-05,down,1.0,svc-08,,0.0,0.0,0.0,False,,222.7,188.2,-34.5,0.01838,3,3,True,0.04412,2,5,False,-1,-1,1
svc-05,down,1.0,svc-09,,0.0,0.0,0.0,False,,229.2,207.2,-22.0,0.01838,3,3,True,0.01838,1,3,False,-1,-1,1
svc-05,down,1.0,svc-10,,0.0,0.0,0.0,False,,13.7,15.2,1.5,0.01838,3,3,True,0.0,6,0,False,-1,-1,1
svc-05,down,1.0,svc-11,,0.0,0.0,0.0,False,,14.5,16.2,1.7,0.01838,3,3,True,0.0,2,0,False,-1,-1,1
svc-05,down,1.0,svc-12,,0.0,0.0,0.0,False,,15.9,15.2,-0.7,0.01838,3,3,True,0.0,1,0,False,-1,-1,1
svc-05,down,1.0,svc-13,,0.0,0.0,0.0,False,,14.6,15.7,1.1,0.01838,3,3,True,0.0,2,0,False,-1,-1,1
svc-05,down,1.0,svc-14,,0.0,0.0,0.0,False,,14.8,14.8,0.0,0.01838,3,3,True,0.0,2,0,False,-1,-1,1
svc-05,down,1.0,svc-15,,0.0,0.0,0.0,False,,15.6,15.1,-0.5,0.01838,3,3,True,0.0,3,0,False,-1,-1,1
svc-05,down,1.0,svc-16,,0.0,0.0,0.0,False,,13.6,15.6,2.0,0.01838,3,3,True,0.0,2,0,False,-1,-1,1
svc-05,down,1.0,svc-17,,0.0,0.0,0.0,False,,14.6,14.7,0.1,0.01838,3,3,True,0.0,1,0,False,-1,-1,1
svc-05,down,0.5,svc-00,,0.0,0.0,0.0,False,,235.7,249.1,13.4,0.01838,3,3,True,0.0,0,3,False,-1,-1,1
svc-05,down,0.5,svc-01,1.0,0.0,0.125,0.125,True,3012.6,226.5,214.4,-12.1,0.01838,3,3,True,0.0,0,1,True,800,1,1
svc-05,down,0.5,svc-02,1.0,0.0,0.625,0.625,True,0.0,218.6,182.0,-36.6,0.01838,3,3,True,0.0,0,2,True,1500,0,1
svc-05,down,0.5,svc-03,1.0,0.0,0.5,0.5,True,0.0,218.8,229.2,10.4,0.01838,3,3,True,0.0,0,2,True,1500,0,1
svc-05,down,0.5,svc-04,,0.0,0.0,0.0,False,,95.0,90.5,-4.5,0.01838,3,3,True,0.0,1,1,False,-1,-1,1
svc-05,down,0.5,svc-06,,0.0,0.0,0.0,False,,124.2,132.1,7.9,0.01838,3,3,True,0.01103,1,3,False,-1,-1,1
svc-05,down,0.5,svc-07,,0.0,0.0,0.0,False,,122.6,121.9,-0.7,0.01838,3,3,True,0.01838,1,5,False,-1,-1,1
svc-05,down,0.5,svc-08,,0.0,0.0,0.0,False,,173.9,202.9,29.0,0.01838,3,3,True,0.04412,2,5,False,-1,-1,1
svc-05,down,0.5,svc-09,,0.0,0.0,0.0,False,,210.3,225.1,14.8,0.01838,3,3,True,0.01838,1,3,False,-1,-1,1
svc-05,down,0.5,svc-10,,0.0,0.0,0.0,False,,14.3,17.1,2.8,0.01838,3,3,True,0.0,6,0,False,-1,-1,1
svc-05,down,0.5,svc-11,,0.0,0.0,0.0,False,,14.6,18.1,3.5,0.01838,3,3,True,0.0,2,0,False,-1,-1,1
svc-05,down,0.5,svc-12,,0.0,0.0,0.0,False,,16.8,17.8,1.0,0.01838,3,3,True,0.0,1,0,False,-1,-1,1
svc-05,down,0.5,svc-13,,0.0,0.0,0.0,False,,15.8,17.6,1.8,0.01838,3,3,True,0.0,2,0,False,-1,-1,1
svc-05,down,0.5,svc-14,,0.0,0.0,0.0,False,,16.8,17.6,0.8,0.01838,3,3,True,0.0,2,0,False,-1,-1,1
svc-05,down,0.5,svc-15,,0.0,0.0,0.0,False,,17.1,17.0,-0.1,0.01838,3,3,True,0.0,3,0,False,-1,-1,1
svc-05,down,0.5,svc-16,,0.0,0.0,0.0,False,,16.5,17.5,1.0,0.01838,3,3,True,0.0,2,0,False,-1,-1,1
svc-05,down,0.5,svc-17,,0.0,0.0,0.0,False,,17.2,17.3,0.1,0.01838,3,3,True,0.0,1,0,False,-1,-1,1
svc-05,slow,0.8,svc-00,,0.0,0.0,0.0,False,,251.0,228.8,-22.2,0.01838,3,3,True,0.0,0,3,False,-1,-1,0
svc-05,slow,0.8,svc-01,1.0,0.0,1.0,1.0,True,0.0,236.6,1759.2,1522.6,0.01838,3,3,True,0.0,0,1,True,800,1,0
svc-05,slow,0.8,svc-02,1.0,0.0,0.0,0.0,False,,235.5,1423.1,1187.6,0.01838,3,3,True,0.0,0,2,True,1500,0,0
svc-05,slow,0.8,svc-03,1.0,0.0,0.0,0.0,False,,226.0,1414.5,1188.5,0.01838,3,3,True,0.0,0,2,True,1500,0,0
svc-05,slow,0.8,svc-04,,0.0,0.0,0.0,False,,141.4,98.1,-43.3,0.01838,3,3,True,0.0,1,1,False,-1,-1,0
svc-05,slow,0.8,svc-06,,0.0,0.0,0.0,False,,135.7,118.2,-17.5,0.01838,3,3,True,0.01103,1,3,False,-1,-1,0
svc-05,slow,0.8,svc-07,,0.0,0.0,0.0,False,,128.6,92.7,-35.9,0.01838,3,3,True,0.01838,1,5,False,-1,-1,0
svc-05,slow,0.8,svc-08,,0.0,0.0,0.0,False,,178.6,204.8,26.2,0.01838,3,3,True,0.04412,2,5,False,-1,-1,0
svc-05,slow,0.8,svc-09,,0.0,0.0,0.0,False,,230.6,210.1,-20.5,0.01838,3,3,True,0.01838,1,3,False,-1,-1,0
svc-05,slow,0.8,svc-10,,0.0,0.0,0.0,False,,27.3,10.5,-16.8,0.01838,3,3,True,0.0,6,0,False,-1,-1,0
svc-05,slow,0.8,svc-11,,0.0,0.0,0.0,False,,27.1,10.7,-16.4,0.01838,3,3,True,0.0,2,0,False,-1,-1,0
svc-05,slow,0.8,svc-12,,0.0,0.0,0.0,False,,27.8,10.6,-17.2,0.01838,3,3,True,0.0,1,0,False,-1,-1,0
svc-05,slow,0.8,svc-13,,0.0,0.0,0.0,False,,28.5,12.9,-15.6,0.01838,3,3,True,0.0,2,0,False,-1,-1,0
svc-05,slow,0.8,svc-14,,0.0,0.0,0.0,False,,28.2,11.1,-17.1,0.01838,3,3,True,0.0,2,0,False,-1,-1,0
svc-05,slow,0.8,svc-15,,0.0,0.0,0.0,False,,26.9,11.8,-15.1,0.01838,3,3,True,0.0,3,0,False,-1,-1,0
svc-05,slow,0.8,svc-16,,0.0,0.0,0.0,False,,26.5,11.5,-15.0,0.01838,3,3,True,0.0,2,0,False,-1,-1,0
svc-05,slow,0.8,svc-17,,0.0,0.0,0.0,False,,28.0,10.4,-17.6,0.01838,3,3,True,0.0,1,0,False,-1,-1,0
svc-05,slow,0.3,svc-00,,0.0,0.0,0.0,False,,235.8,227.2,-8.6,0.01838,3,3,True,0.0,0,3,False,-1,-1,0
svc-05,slow,0.3,svc-01,1.0,0.0,0.0,0.0,False,,237.1,699.4,462.3,0.01838,3,3,True,0.0,0,1,True,800,1,0
svc-05,slow,0.3,svc-02,1.0,0.0,0.0,0.0,False,,222.3,666.7,444.4,0.01838,3,3,True,0.0,0,2,True,1500,0,0
svc-05,slow,0.3,svc-03,1.0,0.0,0.0,0.0,False,,221.6,693.0,471.4,0.01838,3,3,True,0.0,0,2,True,1500,0,0
svc-05,slow,0.3,svc-04,,0.0,0.0,0.0,False,,84.5,86.1,1.6,0.01838,3,3,True,0.0,1,1,False,-1,-1,0
svc-05,slow,0.3,svc-06,,0.0,0.0,0.0,False,,121.5,120.1,-1.4,0.01838,3,3,True,0.01103,1,3,False,-1,-1,0
svc-05,slow,0.3,svc-07,,0.0,0.0,0.0,False,,133.1,103.3,-29.8,0.01838,3,3,True,0.01838,1,5,False,-1,-1,0
svc-05,slow,0.3,svc-08,,0.0,0.0,0.0,False,,205.4,129.7,-75.7,0.01838,3,3,True,0.04412,2,5,False,-1,-1,0
svc-05,slow,0.3,svc-09,,0.0,0.0,0.0,False,,213.9,178.3,-35.6,0.01838,3,3,True,0.01838,1,3,False,-1,-1,0
svc-05,slow,0.3,svc-10,,0.0,0.0,0.0,False,,17.7,9.2,-8.5,0.01838,3,3,True,0.0,6,0,False,-1,-1,0
svc-05,slow,0.3,svc-11,,0.0,0.0,0.0,False,,17.5,9.4,-8.1,0.01838,3,3,True,0.0,2,0,False,-1,-1,0
svc-05,slow,0.3,svc-12,,0.0,0.0,0.0,False,,17.6,10.0,-7.6,0.01838,3,3,True,0.0,1,0,False,-1,-1,0
svc-05,slow,0.3,svc-13,,0.0,0.0,0.0,False,,17.0,10.1,-6.9,0.01838,3,3,True,0.0,2,0,False,-1,-1,0
svc-05,slow,0.3,svc-14,,0.0,0.0,0.0,False,,17.1,10.4,-6.7,0.01838,3,3,True,0.0,2,0,False,-1,-1,0
svc-05,slow,0.3,svc-15,,0.0,0.0,0.0,False,,17.2,11.4,-5.8,0.01838,3,3,True,0.0,3,0,False,-1,-1,0
svc-05,slow,0.3,svc-16,,0.0,0.0,0.0,False,,16.5,9.3,-7.2,0.01838,3,3,True,0.0,2,0,False,-1,-1,0
svc-05,slow,0.3,svc-17,,0.0,0.0,0.0,False,,16.7,10.0,-6.7,0.01838,3,3,True,0.0,1,0,False,-1,-1,0
svc-06,down,1.0,svc-00,1.0,0.0,1.0,1.0,True,0.0,257.1,234.6,-22.5,0.01103,1,3,False,0.0,0,3,True,800,0,1
svc-06,down,1.0,svc-01,,0.0,0.0,0.0,False,,238.7,213.2,-25.5,0.01103,1,3,False,0.0,0,1,False,-1,-1,1
svc-06,down,1.0,svc-02,,0.0,0.0,0.0,False,,218.1,206.9,-11.2,0.01103,1,3,False,0.0,0,2,False,-1,-1,1
svc-06,down,1.0,svc-03,,0.0,0.0,0.0,False,,239.5,210.0,-29.5,0.01103,1,3,False,0.0,0,2,False,-1,-1,1
svc-06,down,1.0,svc-04,,0.0,0.0,0.0,False,,98.6,95.6,-3.0,0.01103,1,3,False,0.0,1,1,False,-1,-1,1
svc-06,down,1.0,svc-05,,0.0,0.0,0.0,False,,202.2,181.1,-21.1,0.01103,1,3,False,0.01838,3,3,False,-1,-1,1
svc-06,down,1.0,svc-07,,0.0,0.0,0.0,False,,121.4,95.6,-25.8,0.01103,1,3,False,0.01838,1,5,False,-1,-1,1
svc-06,down,1.0,svc-08,,0.0,0.0,0.0,False,,229.4,163.3,-66.1,0.01103,1,3,False,0.04412,2,5,False,-1,-1,1
svc-06,down,1.0,svc-09,,0.0,0.0,0.0,False,,242.3,205.8,-36.5,0.01103,1,3,False,0.01838,1,3,False,-1,-1,1
svc-06,down,1.0,svc-10,,0.0,0.0,0.0,False,,14.8,15.0,0.2,0.01103,1,3,False,0.0,6,0,False,-1,-1,1
svc-06,down,1.0,svc-11,,0.0,0.0,0.0,False,,15.9,15.3,-0.6,0.01103,1,3,False,0.0,2,0,False,-1,-1,1
svc-06,down,1.0,svc-12,,0.0,0.0,0.0,False,,17.5,15.6,-1.9,0.01103,1,3,False,0.0,1,0,False,-1,-1,1
svc-06,down,1.0,svc-13,,0.0,0.0,0.0,False,,15.9,15.7,-0.2,0.01103,1,3,False,0.0,2,0,False,-1,-1,1
svc-06,down,1.0,svc-14,,0.0,0.0,0.0,False,,18.2,14.8,-3.4,0.01103,1,3,False,0.0,2,0,False,-1,-1,1
svc-06,down,1.0,svc-15,,0.0,0.0,0.0,False,,17.4,14.7,-2.7,0.01103,1,3,False,0.0,3,0,False,-1,-1,1
svc-06,down,1.0,svc-16,,0.0,0.0,0.0,False,,16.7,14.5,-2.2,0.01103,1,3,False,0.0,2,0,False,-1,-1,1
svc-06,down,1.0,svc-17,,0.0,0.0,0.0,False,,16.3,13.8,-2.5,0.01103,1,3,False,0.0,1,0,False,-1,-1,1
svc-06,down,0.5,svc-00,1.0,0.0,0.333,0.333,True,2934.0,261.4,235.9,-25.5,0.01103,1,3,False,0.0,0,3,True,800,0,1
svc-06,down,0.5,svc-01,,0.0,0.0,0.0,False,,253.5,219.1,-34.4,0.01103,1,3,False,0.0,0,1,False,-1,-1,1
svc-06,down,0.5,svc-02,,0.0,0.0,0.0,False,,233.4,209.0,-24.4,0.01103,1,3,False,0.0,0,2,False,-1,-1,1
svc-06,down,0.5,svc-03,,0.0,0.0,0.0,False,,232.2,215.3,-16.9,0.01103,1,3,False,0.0,0,2,False,-1,-1,1
svc-06,down,0.5,svc-04,,0.0,0.0,0.0,False,,120.9,92.5,-28.4,0.01103,1,3,False,0.0,1,1,False,-1,-1,1
svc-06,down,0.5,svc-05,,0.0,0.0,0.0,False,,218.9,181.9,-37.0,0.01103,1,3,False,0.01838,3,3,False,-1,-1,1
svc-06,down,0.5,svc-07,,0.0,0.0,0.0,False,,145.2,114.2,-31.0,0.01103,1,3,False,0.01838,1,5,False,-1,-1,1
svc-06,down,0.5,svc-08,,0.0,0.0,0.0,False,,210.9,176.0,-34.9,0.01103,1,3,False,0.04412,2,5,False,-1,-1,1
svc-06,down,0.5,svc-09,,0.0,0.0,0.0,False,,233.7,206.2,-27.5,0.01103,1,3,False,0.01838,1,3,False,-1,-1,1
svc-06,down,0.5,svc-10,,0.0,0.0,0.0,False,,18.2,14.5,-3.7,0.01103,1,3,False,0.0,6,0,False,-1,-1,1
svc-06,down,0.5,svc-11,,0.0,0.0,0.0,False,,18.7,15.9,-2.8,0.01103,1,3,False,0.0,2,0,False,-1,-1,1
svc-06,down,0.5,svc-12,,0.0,0.0,0.0,False,,18.3,15.9,-2.4,0.01103,1,3,False,0.0,1,0,False,-1,-1,1
svc-06,down,0.5,svc-13,,0.0,0.0,0.0,False,,19.7,15.5,-4.2,0.01103,1,3,False,0.0,2,0,False,-1,-1,1
svc-06,down,0.5,svc-14,,0.0,0.0,0.0,False,,19.2,14.8,-4.4,0.01103,1,3,False,0.0,2,0,False,-1,-1,1
svc-06,down,0.5,svc-15,,0.0,0.0,0.0,False,,19.0,14.3,-4.7,0.01103,1,3,False,0.0,3,0,False,-1,-1,1
svc-06,down,0.5,svc-16,,0.0,0.0,0.0,False,,18.6,14.0,-4.6,0.01103,1,3,False,0.0,2,0,False,-1,-1,1
svc-06,down,0.5,svc-17,,0.0,0.0,0.0,False,,19.2,14.0,-5.2,0.01103,1,3,False,0.0,1,0,False,-1,-1,1
svc-06,slow,0.8,svc-00,1.0,0.0,1.0,1.0,True,0.0,240.5,894.4,653.9,0.01103,1,3,False,0.0,0,3,True,800,0,0
svc-06,slow,0.8,svc-01,,0.0,0.0,0.0,False,,223.9,233.0,9.1,0.01103,1,3,False,0.0,0,1,False,-1,-1,0
svc-06,slow,0.8,svc-02,,0.0,0.0,0.0,False,,203.8,240.7,36.9,0.01103,1,3,False,0.0,0,2,False,-1,-1,0
svc-06,slow,0.8,svc-03,,0.0,0.0,0.0,False,,221.7,268.8,47.1,0.01103,1,3,False,0.0,0,2,False,-1,-1,0
svc-06,slow,0.8,svc-04,,0.0,0.0,0.0,False,,77.2,141.2,64.0,0.01103,1,3,False,0.0,1,1,False,-1,-1,0
svc-06,slow,0.8,svc-05,,0.0,0.0,0.0,False,,191.4,165.8,-25.6,0.01103,1,3,False,0.01838,3,3,False,-1,-1,0
svc-06,slow,0.8,svc-07,,0.0,0.0,0.0,False,,117.1,116.2,-0.9,0.01103,1,3,False,0.01838,1,5,False,-1,-1,0
svc-06,slow,0.8,svc-08,,0.0,0.0,0.0,False,,209.8,242.9,33.1,0.01103,1,3,False,0.04412,2,5,False,-1,-1,0
svc-06,slow,0.8,svc-09,,0.0,0.0,0.0,False,,216.2,251.2,35.0,0.01103,1,3,False,0.01838,1,3,False,-1,-1,0
svc-06,slow,0.8,svc-10,,0.0,0.0,0.0,False,,15.2,15.4,0.2,0.01103,1,3,False,0.0,6,0,False,-1,-1,0
svc-06,slow,0.8,svc-11,,0.0,0.0,0.0,False,,15.0,14.4,-0.6,0.01103,1,3,False,0.0,2,0,False,-1,-1,0
svc-06,slow,0.8,svc-12,,0.0,0.0,0.0,False,,14.7,17.2,2.5,0.01103,1,3,False,0.0,1,0,False,-1,-1,0
svc-06,slow,0.8,svc-13,,0.0,0.0,0.0,False,,15.6,16.8,1.2,0.01103,1,3,False,0.0,2,0,False,-1,-1,0
svc-06,slow,0.8,svc-14,,0.0,0.0,0.0,False,,14.9,16.3,1.4,0.01103,1,3,False,0.0,2,0,False,-1,-1,0
svc-06,slow,0.8,svc-15,,0.0,0.0,0.0,False,,15.2,17.6,2.4,0.01103,1,3,False,0.0,3,0,False,-1,-1,0
svc-06,slow,0.8,svc-16,,0.0,0.0,0.0,False,,15.0,15.3,0.3,0.01103,1,3,False,0.0,2,0,False,-1,-1,0
svc-06,slow,0.8,svc-17,,0.0,0.0,0.0,False,,15.4,16.9,1.5,0.01103,1,3,False,0.0,1,0,False,-1,-1,0
svc-06,slow,0.3,svc-00,1.0,0.0,0.0,0.0,False,,260.8,661.1,400.3,0.01103,1,3,False,0.0,0,3,True,800,0,0
svc-06,slow,0.3,svc-01,,0.0,0.0,0.0,False,,234.7,237.5,2.8,0.01103,1,3,False,0.0,0,1,False,-1,-1,0
svc-06,slow,0.3,svc-02,,0.0,0.0,0.0,False,,217.9,225.9,8.0,0.01103,1,3,False,0.0,0,2,False,-1,-1,0
svc-06,slow,0.3,svc-03,,0.0,0.0,0.0,False,,219.7,245.3,25.6,0.01103,1,3,False,0.0,0,2,False,-1,-1,0
svc-06,slow,0.3,svc-04,,0.0,0.0,0.0,False,,95.7,107.6,11.9,0.01103,1,3,False,0.0,1,1,False,-1,-1,0
svc-06,slow,0.3,svc-05,,0.0,0.0,0.0,False,,200.9,201.3,0.4,0.01103,1,3,False,0.01838,3,3,False,-1,-1,0
svc-06,slow,0.3,svc-07,,0.0,0.0,0.0,False,,152.8,110.1,-42.7,0.01103,1,3,False,0.01838,1,5,False,-1,-1,0
svc-06,slow,0.3,svc-08,,0.0,0.0,0.0,False,,190.4,206.8,16.4,0.01103,1,3,False,0.04412,2,5,False,-1,-1,0
svc-06,slow,0.3,svc-09,,0.0,0.0,0.0,False,,214.8,238.0,23.2,0.01103,1,3,False,0.01838,1,3,False,-1,-1,0
svc-06,slow,0.3,svc-10,,0.0,0.0,0.0,False,,19.6,14.7,-4.9,0.01103,1,3,False,0.0,6,0,False,-1,-1,0
svc-06,slow,0.3,svc-11,,0.0,0.0,0.0,False,,20.4,14.5,-5.9,0.01103,1,3,False,0.0,2,0,False,-1,-1,0
svc-06,slow,0.3,svc-12,,0.0,0.0,0.0,False,,20.5,13.2,-7.3,0.01103,1,3,False,0.0,1,0,False,-1,-1,0
svc-06,slow,0.3,svc-13,,0.0,0.0,0.0,False,,19.7,14.7,-5.0,0.01103,1,3,False,0.0,2,0,False,-1,-1,0
svc-06,slow,0.3,svc-14,,0.0,0.0,0.0,False,,19.7,14.8,-4.9,0.01103,1,3,False,0.0,2,0,False,-1,-1,0
svc-06,slow,0.3,svc-15,,0.0,0.0,0.0,False,,20.0,14.6,-5.4,0.01103,1,3,False,0.0,3,0,False,-1,-1,0
svc-06,slow,0.3,svc-16,,0.0,0.0,0.0,False,,20.4,15.4,-5.0,0.01103,1,3,False,0.0,2,0,False,-1,-1,0
svc-06,slow,0.3,svc-17,,0.0,0.0,0.0,False,,20.4,14.7,-5.7,0.01103,1,3,False,0.0,1,0,False,-1,-1,0
svc-07,down,1.0,svc-00,,0.0,0.0,0.0,False,,277.3,255.9,-21.4,0.01838,1,5,True,0.0,0,3,False,-1,-1,1
svc-07,down,1.0,svc-01,,0.0,0.0,0.0,False,,260.0,244.5,-15.5,0.01838,1,5,True,0.0,0,1,False,-1,-1,1
svc-07,down,1.0,svc-02,1.0,0.0,1.0,1.0,True,0.0,259.8,229.1,-30.7,0.01838,1,5,True,0.0,0,2,True,2000,1,1
svc-07,down,1.0,svc-03,,0.0,0.0,0.0,False,,259.9,236.9,-23.0,0.01838,1,5,True,0.0,0,2,False,-1,-1,1
svc-07,down,1.0,svc-04,,0.0,0.0,0.0,False,,135.5,91.6,-43.9,0.01838,1,5,True,0.0,1,1,False,-1,-1,1
svc-07,down,1.0,svc-05,,0.0,0.0,0.0,False,,221.4,206.0,-15.4,0.01838,1,5,True,0.01838,3,3,False,-1,-1,1
svc-07,down,1.0,svc-06,,0.0,0.0,0.0,False,,154.4,139.0,-15.4,0.01838,1,5,True,0.01103,1,3,False,-1,-1,1
svc-07,down,1.0,svc-08,,0.0,0.0,0.0,False,,218.1,194.3,-23.8,0.01838,1,5,True,0.04412,2,5,False,-1,-1,1
svc-07,down,1.0,svc-09,,0.0,0.0,0.0,False,,257.3,234.0,-23.3,0.01838,1,5,True,0.01838,1,3,False,-1,-1,1
svc-07,down,1.0,svc-10,,0.0,0.0,0.0,False,,27.1,22.2,-4.9,0.01838,1,5,True,0.0,6,0,False,-1,-1,1
svc-07,down,1.0,svc-11,,0.0,0.0,0.0,False,,26.3,20.6,-5.7,0.01838,1,5,True,0.0,2,0,False,-1,-1,1
svc-07,down,1.0,svc-12,,0.0,0.0,0.0,False,,26.7,21.5,-5.2,0.01838,1,5,True,0.0,1,0,False,-1,-1,1
svc-07,down,1.0,svc-13,,0.0,0.0,0.0,False,,26.9,22.1,-4.8,0.01838,1,5,True,0.0,2,0,False,-1,-1,1
svc-07,down,1.0,svc-14,,0.0,0.0,0.0,False,,24.7,20.6,-4.1,0.01838,1,5,True,0.0,2,0,False,-1,-1,1
svc-07,down,1.0,svc-15,,0.0,0.0,0.0,False,,26.5,19.9,-6.6,0.01838,1,5,True,0.0,3,0,False,-1,-1,1
svc-07,down,1.0,svc-16,,0.0,0.0,0.0,False,,27.9,21.2,-6.7,0.01838,1,5,True,0.0,2,0,False,-1,-1,1
svc-07,down,1.0,svc-17,,0.0,0.0,0.0,False,,26.4,21.5,-4.9,0.01838,1,5,True,0.0,1,0,False,-1,-1,1
svc-07,down,0.5,svc-00,,0.0,0.0,0.0,False,,267.4,241.0,-26.4,0.01838,1,5,True,0.0,0,3,False,-1,-1,1
svc-07,down,0.5,svc-01,,0.0,0.0,0.0,False,,252.4,225.2,-27.2,0.01838,1,5,True,0.0,0,1,False,-1,-1,1
svc-07,down,0.5,svc-02,1.0,0.0,0.222,0.222,True,954.9,240.4,206.9,-33.5,0.01838,1,5,True,0.0,0,2,True,2000,1,1
svc-07,down,0.5,svc-03,,0.0,0.0,0.0,False,,245.2,212.9,-32.3,0.01838,1,5,True,0.0,0,2,False,-1,-1,1
svc-07,down,0.5,svc-04,,0.0,0.0,0.0,False,,110.9,84.7,-26.2,0.01838,1,5,True,0.0,1,1,False,-1,-1,1
svc-07,down,0.5,svc-05,,0.0,0.0,0.0,False,,214.0,191.0,-23.0,0.01838,1,5,True,0.01838,3,3,False,-1,-1,1
svc-07,down,0.5,svc-06,,0.0,0.0,0.0,False,,141.9,122.8,-19.1,0.01838,1,5,True,0.01103,1,3,False,-1,-1,1
svc-07,down,0.5,svc-08,,0.0,0.0,0.0,False,,235.5,187.2,-48.3,0.01838,1,5,True,0.04412,2,5,False,-1,-1,1
svc-07,down,0.5,svc-09,,0.0,0.0,0.0,False,,249.1,208.8,-40.3,0.01838,1,5,True,0.01838,1,3,False,-1,-1,1
svc-07,down,0.5,svc-10,,0.0,0.0,0.0,False,,16.9,15.3,-1.6,0.01838,1,5,True,0.0,6,0,False,-1,-1,1
svc-07,down,0.5,svc-11,,0.0,0.0,0.0,False,,22.1,13.1,-9.0,0.01838,1,5,True,0.0,2,0,False,-1,-1,1
svc-07,down,0.5,svc-12,,0.0,0.0,0.0,False,,22.3,13.3,-9.0,0.01838,1,5,True,0.0,1,0,False,-1,-1,1
svc-07,down,0.5,svc-13,,0.0,0.0,0.0,False,,22.3,14.5,-7.8,0.01838,1,5,True,0.0,2,0,False,-1,-1,1
svc-07,down,0.5,svc-14,,0.0,0.0,0.0,False,,20.5,15.0,-5.5,0.01838,1,5,True,0.0,2,0,False,-1,-1,1
svc-07,down,0.5,svc-15,,0.0,0.0,0.0,False,,21.5,13.9,-7.6,0.01838,1,5,True,0.0,3,0,False,-1,-1,1
svc-07,down,0.5,svc-16,,0.0,0.0,0.0,False,,18.0,13.8,-4.2,0.01838,1,5,True,0.0,2,0,False,-1,-1,1
svc-07,down,0.5,svc-17,,0.0,0.0,0.0,False,,19.8,13.5,-6.3,0.01838,1,5,True,0.0,1,0,False,-1,-1,1
svc-07,slow,0.8,svc-00,,0.0,0.0,0.0,False,,241.7,259.7,18.0,0.01838,1,5,True,0.0,0,3,False,-1,-1,0
svc-07,slow,0.8,svc-01,,0.0,0.0,0.0,False,,215.7,242.9,27.2,0.01838,1,5,True,0.0,0,1,False,-1,-1,0
svc-07,slow,0.8,svc-02,1.0,0.0,0.0,0.0,False,,187.7,1424.4,1236.7,0.01838,1,5,True,0.0,0,2,True,2000,1,0
svc-07,slow,0.8,svc-03,,0.0,0.0,0.0,False,,219.9,239.3,19.4,0.01838,1,5,True,0.0,0,2,False,-1,-1,0
svc-07,slow,0.8,svc-04,,0.0,0.0,0.0,False,,91.9,80.8,-11.1,0.01838,1,5,True,0.0,1,1,False,-1,-1,0
svc-07,slow,0.8,svc-05,,0.0,0.0,0.0,False,,182.7,166.8,-15.9,0.01838,1,5,True,0.01838,3,3,False,-1,-1,0
svc-07,slow,0.8,svc-06,,0.0,0.0,0.0,False,,129.3,139.5,10.2,0.01838,1,5,True,0.01103,1,3,False,-1,-1,0
svc-07,slow,0.8,svc-08,,0.0,0.0,0.0,False,,210.6,228.7,18.1,0.01838,1,5,True,0.04412,2,5,False,-1,-1,0
svc-07,slow,0.8,svc-09,,0.0,0.0,0.0,False,,217.8,236.2,18.4,0.01838,1,5,True,0.01838,1,3,False,-1,-1,0
svc-07,slow,0.8,svc-10,,0.0,0.0,0.0,False,,15.7,15.0,-0.7,0.01838,1,5,True,0.0,6,0,False,-1,-1,0
svc-07,slow,0.8,svc-11,,0.0,0.0,0.0,False,,15.1,14.9,-0.2,0.01838,1,5,True,0.0,2,0,False,-1,-1,0
svc-07,slow,0.8,svc-12,,0.0,0.0,0.0,False,,16.1,15.3,-0.8,0.01838,1,5,True,0.0,1,0,False,-1,-1,0
svc-07,slow,0.8,svc-13,,0.0,0.0,0.0,False,,16.1,17.6,1.5,0.01838,1,5,True,0.0,2,0,False,-1,-1,0
svc-07,slow,0.8,svc-14,,0.0,0.0,0.0,False,,16.2,14.4,-1.8,0.01838,1,5,True,0.0,2,0,False,-1,-1,0
svc-07,slow,0.8,svc-15,,0.0,0.0,0.0,False,,15.8,15.0,-0.8,0.01838,1,5,True,0.0,3,0,False,-1,-1,0
svc-07,slow,0.8,svc-16,,0.0,0.0,0.0,False,,16.1,16.7,0.6,0.01838,1,5,True,0.0,2,0,False,-1,-1,0
svc-07,slow,0.8,svc-17,,0.0,0.0,0.0,False,,15.2,13.9,-1.3,0.01838,1,5,True,0.0,1,0,False,-1,-1,0
svc-07,slow,0.3,svc-00,,0.0,0.0,0.0,False,,254.3,241.5,-12.8,0.01838,1,5,True,0.0,0,3,False,-1,-1,0
svc-07,slow,0.3,svc-01,,0.0,0.0,0.0,False,,237.5,221.4,-16.1,0.01838,1,5,True,0.0,0,1,False,-1,-1,0
svc-07,slow,0.3,svc-02,1.0,0.0,0.0,0.0,False,,217.1,665.7,448.6,0.01838,1,5,True,0.0,0,2,True,2000,1,0
svc-07,slow,0.3,svc-03,,0.0,0.0,0.0,False,,234.4,209.0,-25.4,0.01838,1,5,True,0.0,0,2,False,-1,-1,0
svc-07,slow,0.3,svc-04,,0.0,0.0,0.0,False,,89.4,88.9,-0.5,0.01838,1,5,True,0.0,1,1,False,-1,-1,0
svc-07,slow,0.3,svc-05,,0.0,0.0,0.0,False,,202.7,192.3,-10.4,0.01838,1,5,True,0.01838,3,3,False,-1,-1,0
svc-07,slow,0.3,svc-06,,0.0,0.0,0.0,False,,140.4,129.0,-11.4,0.01838,1,5,True,0.01103,1,3,False,-1,-1,0
svc-07,slow,0.3,svc-08,,0.0,0.0,0.0,False,,195.9,170.8,-25.1,0.01838,1,5,True,0.04412,2,5,False,-1,-1,0
svc-07,slow,0.3,svc-09,,0.0,0.0,0.0,False,,227.6,202.6,-25.0,0.01838,1,5,True,0.01838,1,3,False,-1,-1,0
svc-07,slow,0.3,svc-10,,0.0,0.0,0.0,False,,17.8,12.5,-5.3,0.01838,1,5,True,0.0,6,0,False,-1,-1,0
svc-07,slow,0.3,svc-11,,0.0,0.0,0.0,False,,17.6,12.4,-5.2,0.01838,1,5,True,0.0,2,0,False,-1,-1,0
svc-07,slow,0.3,svc-12,,0.0,0.0,0.0,False,,17.3,11.9,-5.4,0.01838,1,5,True,0.0,1,0,False,-1,-1,0
svc-07,slow,0.3,svc-13,,0.0,0.0,0.0,False,,16.9,12.9,-4.0,0.01838,1,5,True,0.0,2,0,False,-1,-1,0
svc-07,slow,0.3,svc-14,,0.0,0.0,0.0,False,,16.3,12.1,-4.2,0.01838,1,5,True,0.0,2,0,False,-1,-1,0
svc-07,slow,0.3,svc-15,,0.0,0.0,0.0,False,,16.4,13.0,-3.4,0.01838,1,5,True,0.0,3,0,False,-1,-1,0
svc-07,slow,0.3,svc-16,,0.0,0.0,0.0,False,,16.3,13.1,-3.2,0.01838,1,5,True,0.0,2,0,False,-1,-1,0
svc-07,slow,0.3,svc-17,,0.0,0.0,0.0,False,,16.4,11.9,-4.5,0.01838,1,5,True,0.0,1,0,False,-1,-1,0
svc-08,down,1.0,svc-00,2.0,0.0,1.0,1.0,True,0.0,289.0,196.2,-92.8,0.04412,2,5,False,0.0,0,3,False,-1,-1,1
svc-08,down,1.0,svc-01,,0.0,0.0,0.0,False,,265.0,246.4,-18.6,0.04412,2,5,False,0.0,0,1,False,-1,-1,1
svc-08,down,1.0,svc-02,,0.0,0.0,0.0,False,,262.6,236.1,-26.5,0.04412,2,5,False,0.0,0,2,False,-1,-1,1
svc-08,down,1.0,svc-03,1.0,0.0,1.0,1.0,True,0.0,272.7,216.5,-56.2,0.04412,2,5,False,0.0,0,2,True,800,1,1
svc-08,down,1.0,svc-04,,0.0,0.0,0.0,False,,108.1,102.8,-5.3,0.04412,2,5,False,0.0,1,1,False,-1,-1,1
svc-08,down,1.0,svc-05,,0.0,0.0,0.0,False,,225.3,208.7,-16.6,0.04412,2,5,False,0.01838,3,3,False,-1,-1,1
svc-08,down,1.0,svc-06,,0.0,0.0,0.0,False,,159.3,142.8,-16.5,0.04412,2,5,False,0.01103,1,3,False,-1,-1,1
svc-08,down,1.0,svc-07,,0.0,0.0,0.0,False,,146.7,141.0,-5.7,0.04412,2,5,False,0.01838,1,5,False,-1,-1,1
svc-08,down,1.0,svc-09,1.0,0.0,1.0,1.0,True,0.0,267.4,153.0,-114.4,0.04412,2,5,False,0.01838,1,3,True,1500,1,1
svc-08,down,1.0,svc-10,,0.0,0.0,0.0,False,,23.3,21.4,-1.9,0.04412,2,5,False,0.0,6,0,False,-1,-1,1
svc-08,down,1.0,svc-11,,0.0,0.0,0.0,False,,23.8,21.2,-2.6,0.04412,2,5,False,0.0,2,0,False,-1,-1,1
svc-08,down,1.0,svc-12,,0.0,0.0,0.0,False,,23.9,21.2,-2.7,0.04412,2,5,False,0.0,1,0,False,-1,-1,1
svc-08,down,1.0,svc-13,,0.0,0.0,0.0,False,,22.6,22.0,-0.6,0.04412,2,5,False,0.0,2,0,False,-1,-1,1
svc-08,down,1.0,svc-14,,0.0,0.0,0.0,False,,22.1,21.4,-0.7,0.04412,2,5,False,0.0,2,0,False,-1,-1,1
svc-08,down,1.0,svc-15,,0.0,0.0,0.0,False,,21.4,21.7,0.3,0.04412,2,5,False,0.0,3,0,False,-1,-1,1
svc-08,down,1.0,svc-16,,0.0,0.0,0.0,False,,23.2,21.4,-1.8,0.04412,2,5,False,0.0,2,0,False,-1,-1,1
svc-08,down,1.0,svc-17,,0.0,0.0,0.0,False,,23.6,21.2,-2.4,0.04412,2,5,False,0.0,1,0,False,-1,-1,1
svc-08,down,0.5,svc-00,2.0,0.0,0.125,0.125,True,2057.3,285.6,251.3,-34.3,0.04412,2,5,False,0.0,0,3,False,-1,-1,1
svc-08,down,0.5,svc-01,,0.0,0.0,0.0,False,,247.3,235.9,-11.4,0.04412,2,5,False,0.0,0,1,False,-1,-1,1
svc-08,down,0.5,svc-02,,0.0,0.0,0.0,False,,237.4,219.6,-17.8,0.04412,2,5,False,0.0,0,2,False,-1,-1,1
svc-08,down,0.5,svc-03,1.0,0.0,0.5,0.5,True,499.6,267.5,232.6,-34.9,0.04412,2,5,False,0.0,0,2,True,800,1,1
svc-08,down,0.5,svc-04,,0.0,0.0,0.0,False,,136.9,93.5,-43.4,0.04412,2,5,False,0.0,1,1,False,-1,-1,1
svc-08,down,0.5,svc-05,,0.0,0.0,0.0,False,,180.2,188.2,8.0,0.04412,2,5,False,0.01838,3,3,False,-1,-1,1
svc-08,down,0.5,svc-06,,0.0,0.0,0.0,False,,154.7,137.7,-17.0,0.04412,2,5,False,0.01103,1,3,False,-1,-1,1
svc-08,down,0.5,svc-07,,0.0,0.0,0.0,False,,133.0,123.8,-9.2,0.04412,2,5,False,0.01838,1,5,False,-1,-1,1
svc-08,down,0.5,svc-09,1.0,0.0,0.125,0.125,True,2057.3,264.0,195.4,-68.6,0.04412,2,5,False,0.01838,1,3,True,1500,1,1
svc-08,down,0.5,svc-10,,0.0,0.0,0.0,False,,16.1,13.5,-2.6,0.04412,2,5,False,0.0,6,0,False,-1,-1,1
svc-08,down,0.5,svc-11,,0.0,0.0,0.0,False,,17.1,15.5,-1.6,0.04412,2,5,False,0.0,2,0,False,-1,-1,1
svc-08,down,0.5,svc-12,,0.0,0.0,0.0,False,,19.2,15.2,-4.0,0.04412,2,5,False,0.0,1,0,False,-1,-1,1
svc-08,down,0.5,svc-13,,0.0,0.0,0.0,False,,18.6,15.0,-3.6,0.04412,2,5,False,0.0,2,0,False,-1,-1,1
svc-08,down,0.5,svc-14,,0.0,0.0,0.0,False,,16.1,15.2,-0.9,0.04412,2,5,False,0.0,2,0,False,-1,-1,1
svc-08,down,0.5,svc-15,,0.0,0.0,0.0,False,,18.5,14.1,-4.4,0.04412,2,5,False,0.0,3,0,False,-1,-1,1
svc-08,down,0.5,svc-16,,0.0,0.0,0.0,False,,15.9,14.7,-1.2,0.04412,2,5,False,0.0,2,0,False,-1,-1,1
svc-08,down,0.5,svc-17,,0.0,0.0,0.0,False,,16.8,14.5,-2.3,0.04412,2,5,False,0.0,1,0,False,-1,-1,1
svc-08,slow,0.8,svc-00,2.0,0.0,1.0,1.0,True,0.0,253.8,905.8,652.0,0.04412,2,5,False,0.0,0,3,False,-1,-1,0
svc-08,slow,0.8,svc-01,,0.0,0.0,0.0,False,,259.8,225.2,-34.6,0.04412,2,5,False,0.0,0,1,False,-1,-1,0
svc-08,slow,0.8,svc-02,,0.0,0.0,0.0,False,,247.7,192.1,-55.6,0.04412,2,5,False,0.0,0,2,False,-1,-1,0
svc-08,slow,0.8,svc-03,1.0,0.0,1.0,1.0,True,0.0,243.5,1732.2,1488.7,0.04412,2,5,False,0.0,0,2,True,800,1,0
svc-08,slow,0.8,svc-04,,0.0,0.0,0.0,False,,123.4,80.4,-43.0,0.04412,2,5,False,0.0,1,1,False,-1,-1,0
svc-08,slow,0.8,svc-05,,0.0,0.0,0.0,False,,223.4,188.9,-34.5,0.04412,2,5,False,0.01838,3,3,False,-1,-1,0
svc-08,slow,0.8,svc-06,,0.0,0.0,0.0,False,,142.9,132.3,-10.6,0.04412,2,5,False,0.01103,1,3,False,-1,-1,0
svc-08,slow,0.8,svc-07,,0.0,0.0,0.0,False,,113.7,125.5,11.8,0.04412,2,5,False,0.01838,1,5,False,-1,-1,0
svc-08,slow,0.8,svc-09,1.0,0.0,0.0,0.0,False,,229.8,1426.5,1196.7,0.04412,2,5,False,0.01838,1,3,True,1500,1,0
svc-08,slow,0.8,svc-10,,0.0,0.0,0.0,False,,16.7,9.4,-7.3,0.04412,2,5,False,0.0,6,0,False,-1,-1,0
svc-08,slow,0.8,svc-11,,0.0,0.0,0.0,False,,17.4,9.8,-7.6,0.04412,2,5,False,0.0,2,0,False,-1,-1,0
svc-08,slow,0.8,svc-12,,0.0,0.0,0.0,False,,17.0,9.9,-7.1,0.04412,2,5,False,0.0,1,0,False,-1,-1,0
svc-08,slow,0.8,svc-13,,0.0,0.0,0.0,False,,18.1,10.4,-7.7,0.04412,2,5,False,0.0,2,0,False,-1,-1,0
svc-08,slow,0.8,svc-14,,0.0,0.0,0.0,False,,18.3,10.3,-8.0,0.04412,2,5,False,0.0,2,0,False,-1,-1,0
svc-08,slow,0.8,svc-15,,0.0,0.0,0.0,False,,16.3,9.0,-7.3,0.04412,2,5,False,0.0,3,0,False,-1,-1,0
svc-08,slow,0.8,svc-16,,0.0,0.0,0.0,False,,17.5,9.8,-7.7,0.04412,2,5,False,0.0,2,0,False,-1,-1,0
svc-08,slow,0.8,svc-17,,0.0,0.0,0.0,False,,16.9,9.3,-7.6,0.04412,2,5,False,0.0,1,0,False,-1,-1,0
svc-08,slow,0.3,svc-00,2.0,0.0,0.0,0.0,False,,274.9,755.1,480.2,0.04412,2,5,False,0.0,0,3,False,-1,-1,0
svc-08,slow,0.3,svc-01,,0.0,0.0,0.0,False,,275.5,227.7,-47.8,0.04412,2,5,False,0.0,0,1,False,-1,-1,0
svc-08,slow,0.3,svc-02,,0.0,0.0,0.0,False,,263.4,208.5,-54.9,0.04412,2,5,False,0.0,0,2,False,-1,-1,0
svc-08,slow,0.3,svc-03,1.0,0.0,0.0,0.0,False,,259.4,736.1,476.7,0.04412,2,5,False,0.0,0,2,True,800,1,0
svc-08,slow,0.3,svc-04,,0.0,0.0,0.0,False,,134.3,83.4,-50.9,0.04412,2,5,False,0.0,1,1,False,-1,-1,0
svc-08,slow,0.3,svc-05,,0.0,0.0,0.0,False,,237.7,191.4,-46.3,0.04412,2,5,False,0.01838,3,3,False,-1,-1,0
svc-08,slow,0.3,svc-06,,0.0,0.0,0.0,False,,161.1,121.6,-39.5,0.04412,2,5,False,0.01103,1,3,False,-1,-1,0
svc-08,slow,0.3,svc-07,,0.0,0.0,0.0,False,,118.0,135.3,17.3,0.04412,2,5,False,0.01838,1,5,False,-1,-1,0
svc-08,slow,0.3,svc-09,1.0,0.0,0.0,0.0,False,,232.2,713.1,480.9,0.04412,2,5,False,0.01838,1,3,True,1500,1,0
svc-08,slow,0.3,svc-10,,0.0,0.0,0.0,False,,23.9,12.2,-11.7,0.04412,2,5,False,0.0,6,0,False,-1,-1,0
svc-08,slow,0.3,svc-11,,0.0,0.0,0.0,False,,24.1,15.0,-9.1,0.04412,2,5,False,0.0,2,0,False,-1,-1,0
svc-08,slow,0.3,svc-12,,0.0,0.0,0.0,False,,23.6,13.2,-10.4,0.04412,2,5,False,0.0,1,0,False,-1,-1,0
svc-08,slow,0.3,svc-13,,0.0,0.0,0.0,False,,24.6,12.2,-12.4,0.04412,2,5,False,0.0,2,0,False,-1,-1,0
svc-08,slow,0.3,svc-14,,0.0,0.0,0.0,False,,23.5,13.6,-9.9,0.04412,2,5,False,0.0,2,0,False,-1,-1,0
svc-08,slow,0.3,svc-15,,0.0,0.0,0.0,False,,23.6,11.9,-11.7,0.04412,2,5,False,0.0,3,0,False,-1,-1,0
svc-08,slow,0.3,svc-16,,0.0,0.0,0.0,False,,22.3,11.8,-10.5,0.04412,2,5,False,0.0,2,0,False,-1,-1,0
svc-08,slow,0.3,svc-17,,0.0,0.0,0.0,False,,24.1,10.4,-13.7,0.04412,2,5,False,0.0,1,0,False,-1,-1,0
svc-09,down,1.0,svc-00,1.0,0.0,1.0,1.0,True,0.0,286.4,176.0,-110.4,0.01838,1,3,True,0.0,0,3,True,800,0,1
svc-09,down,1.0,svc-01,,0.0,0.0,0.0,False,,273.7,235.2,-38.5,0.01838,1,3,True,0.0,0,1,False,-1,-1,1
svc-09,down,1.0,svc-02,,0.0,0.0,0.0,False,,264.4,221.3,-43.1,0.01838,1,3,True,0.0,0,2,False,-1,-1,1
svc-09,down,1.0,svc-03,,0.0,0.0,0.0,False,,262.4,209.8,-52.6,0.01838,1,3,True,0.0,0,2,False,-1,-1,1
svc-09,down,1.0,svc-04,,0.0,0.0,0.0,False,,120.1,102.5,-17.6,0.01838,1,3,True,0.0,1,1,False,-1,-1,1
svc-09,down,1.0,svc-05,,0.0,0.0,0.0,False,,236.9,200.7,-36.2,0.01838,1,3,True,0.01838,3,3,False,-1,-1,1
svc-09,down,1.0,svc-06,,0.0,0.0,0.0,False,,168.2,136.3,-31.9,0.01838,1,3,True,0.01103,1,3,False,-1,-1,1
svc-09,down,1.0,svc-07,,0.0,0.0,0.0,False,,138.9,109.3,-29.6,0.01838,1,3,True,0.01838,1,5,False,-1,-1,1
svc-09,down,1.0,svc-08,,0.0,0.0,0.0,False,,237.5,131.0,-106.5,0.01838,1,3,True,0.04412,2,5,False,-1,-1,1
svc-09,down,1.0,svc-10,,0.0,0.0,0.0,False,,18.0,14.1,-3.9,0.01838,1,3,True,0.0,6,0,False,-1,-1,1
svc-09,down,1.0,svc-11,,0.0,0.0,0.0,False,,17.9,16.8,-1.1,0.01838,1,3,True,0.0,2,0,False,-1,-1,1
svc-09,down,1.0,svc-12,,0.0,0.0,0.0,False,,18.5,16.4,-2.1,0.01838,1,3,True,0.0,1,0,False,-1,-1,1
svc-09,down,1.0,svc-13,,0.0,0.0,0.0,False,,19.1,16.0,-3.1,0.01838,1,3,True,0.0,2,0,False,-1,-1,1
svc-09,down,1.0,svc-14,,0.0,0.0,0.0,False,,20.9,15.4,-5.5,0.01838,1,3,True,0.0,2,0,False,-1,-1,1
svc-09,down,1.0,svc-15,,0.0,0.0,0.0,False,,20.9,15.0,-5.9,0.01838,1,3,True,0.0,3,0,False,-1,-1,1
svc-09,down,1.0,svc-16,,0.0,0.0,0.0,False,,21.3,15.1,-6.2,0.01838,1,3,True,0.0,2,0,False,-1,-1,1
svc-09,down,1.0,svc-17,,0.0,0.0,0.0,False,,19.4,14.9,-4.5,0.01838,1,3,True,0.0,1,0,False,-1,-1,1
svc-09,down,0.5,svc-00,1.0,0.0,0.333,0.333,True,0.0,255.1,217.5,-37.6,0.01838,1,3,True,0.0,0,3,True,800,0,1
svc-09,down,0.5,svc-01,,0.0,0.0,0.0,False,,245.4,236.0,-9.4,0.01838,1,3,True,0.0,0,1,False,-1,-1,1
svc-09,down,0.5,svc-02,,0.0,0.0,0.0,False,,234.9,221.7,-13.2,0.01838,1,3,True,0.0,0,2,False,-1,-1,1
svc-09,down,0.5,svc-03,,0.0,0.0,0.0,False,,234.5,218.2,-16.3,0.01838,1,3,True,0.0,0,2,False,-1,-1,1
svc-09,down,0.5,svc-04,,0.0,0.0,0.0,False,,80.3,102.8,22.5,0.01838,1,3,True,0.0,1,1,False,-1,-1,1
svc-09,down,0.5,svc-05,,0.0,0.0,0.0,False,,208.3,184.5,-23.8,0.01838,1,3,True,0.01838,3,3,False,-1,-1,1
svc-09,down,0.5,svc-06,,0.0,0.0,0.0,False,,133.3,127.1,-6.2,0.01838,1,3,True,0.01103,1,3,False,-1,-1,1
svc-09,down,0.5,svc-07,,0.0,0.0,0.0,False,,111.4,133.0,21.6,0.01838,1,3,True,0.01838,1,5,False,-1,-1,1
svc-09,down,0.5,svc-08,,0.0,0.0,0.0,False,,221.2,159.2,-62.0,0.01838,1,3,True,0.04412,2,5,False,-1,-1,1
svc-09,down,0.5,svc-10,,0.0,0.0,0.0,False,,15.2,15.6,0.4,0.01838,1,3,True,0.0,6,0,False,-1,-1,1
svc-09,down,0.5,svc-11,,0.0,0.0,0.0,False,,14.8,16.3,1.5,0.01838,1,3,True,0.0,2,0,False,-1,-1,1
svc-09,down,0.5,svc-12,,0.0,0.0,0.0,False,,16.2,16.3,0.1,0.01838,1,3,True,0.0,1,0,False,-1,-1,1
svc-09,down,0.5,svc-13,,0.0,0.0,0.0,False,,16.5,15.2,-1.3,0.01838,1,3,True,0.0,2,0,False,-1,-1,1
svc-09,down,0.5,svc-14,,0.0,0.0,0.0,False,,16.7,15.8,-0.9,0.01838,1,3,True,0.0,2,0,False,-1,-1,1
svc-09,down,0.5,svc-15,,0.0,0.0,0.0,False,,15.7,16.3,0.6,0.01838,1,3,True,0.0,3,0,False,-1,-1,1
svc-09,down,0.5,svc-16,,0.0,0.0,0.0,False,,15.8,15.8,0.0,0.01838,1,3,True,0.0,2,0,False,-1,-1,1
svc-09,down,0.5,svc-17,,0.0,0.0,0.0,False,,16.3,15.5,-0.8,0.01838,1,3,True,0.0,1,0,False,-1,-1,1
svc-09,slow,0.8,svc-00,1.0,0.0,1.0,1.0,True,0.0,259.9,922.2,662.3,0.01838,1,3,True,0.0,0,3,True,800,0,0
svc-09,slow,0.8,svc-01,,0.0,0.0,0.0,False,,251.5,249.6,-1.9,0.01838,1,3,True,0.0,0,1,False,-1,-1,0
svc-09,slow,0.8,svc-02,,0.0,0.0,0.0,False,,242.8,249.1,6.3,0.01838,1,3,True,0.0,0,2,False,-1,-1,0
svc-09,slow,0.8,svc-03,,0.0,0.0,0.0,False,,244.4,232.7,-11.7,0.01838,1,3,True,0.0,0,2,False,-1,-1,0
svc-09,slow,0.8,svc-04,,0.0,0.0,0.0,False,,128.4,123.3,-5.1,0.01838,1,3,True,0.0,1,1,False,-1,-1,0
svc-09,slow,0.8,svc-05,,0.0,0.0,0.0,False,,212.6,220.5,7.9,0.01838,1,3,True,0.01838,3,3,False,-1,-1,0
svc-09,slow,0.8,svc-06,,0.0,0.0,0.0,False,,140.0,142.2,2.2,0.01838,1,3,True,0.01103,1,3,False,-1,-1,0
svc-09,slow,0.8,svc-07,,0.0,0.0,0.0,False,,139.8,137.8,-2.0,0.01838,1,3,True,0.01838,1,5,False,-1,-1,0
svc-09,slow,0.8,svc-08,,0.0,0.0,0.0,False,,180.7,137.6,-43.1,0.01838,1,3,True,0.04412,2,5,False,-1,-1,0
svc-09,slow,0.8,svc-10,,0.0,0.0,0.0,False,,13.1,26.9,13.8,0.01838,1,3,True,0.0,6,0,False,-1,-1,0
svc-09,slow,0.8,svc-11,,0.0,0.0,0.0,False,,13.3,24.7,11.4,0.01838,1,3,True,0.0,2,0,False,-1,-1,0
svc-09,slow,0.8,svc-12,,0.0,0.0,0.0,False,,14.1,26.0,11.9,0.01838,1,3,True,0.0,1,0,False,-1,-1,0
svc-09,slow,0.8,svc-13,,0.0,0.0,0.0,False,,14.4,25.4,11.0,0.01838,1,3,True,0.0,2,0,False,-1,-1,0
svc-09,slow,0.8,svc-14,,0.0,0.0,0.0,False,,12.7,25.3,12.6,0.01838,1,3,True,0.0,2,0,False,-1,-1,0
svc-09,slow,0.8,svc-15,,0.0,0.0,0.0,False,,13.4,25.1,11.7,0.01838,1,3,True,0.0,3,0,False,-1,-1,0
svc-09,slow,0.8,svc-16,,0.0,0.0,0.0,False,,14.2,26.0,11.8,0.01838,1,3,True,0.0,2,0,False,-1,-1,0
svc-09,slow,0.8,svc-17,,0.0,0.0,0.0,False,,13.6,24.5,10.9,0.01838,1,3,True,0.0,1,0,False,-1,-1,0
svc-09,slow,0.3,svc-00,1.0,0.0,0.0,0.0,False,,273.1,722.7,449.6,0.01838,1,3,True,0.0,0,3,True,800,0,0
svc-09,slow,0.3,svc-01,,0.0,0.0,0.0,False,,265.5,217.8,-47.7,0.01838,1,3,True,0.0,0,1,False,-1,-1,0
svc-09,slow,0.3,svc-02,,0.0,0.0,0.0,False,,245.1,197.8,-47.3,0.01838,1,3,True,0.0,0,2,False,-1,-1,0
svc-09,slow,0.3,svc-03,,0.0,0.0,0.0,False,,259.6,199.9,-59.7,0.01838,1,3,True,0.0,0,2,False,-1,-1,0
svc-09,slow,0.3,svc-04,,0.0,0.0,0.0,False,,132.5,88.3,-44.2,0.01838,1,3,True,0.0,1,1,False,-1,-1,0
svc-09,slow,0.3,svc-05,,0.0,0.0,0.0,False,,231.1,180.2,-50.9,0.01838,1,3,True,0.01838,3,3,False,-1,-1,0
svc-09,slow,0.3,svc-06,,0.0,0.0,0.0,False,,147.8,121.0,-26.8,0.01838,1,3,True,0.01103,1,3,False,-1,-1,0
svc-09,slow,0.3,svc-07,,0.0,0.0,0.0,False,,133.6,108.6,-25.0,0.01838,1,3,True,0.01838,1,5,False,-1,-1,0
svc-09,slow,0.3,svc-08,,0.0,0.0,0.0,False,,227.1,133.0,-94.1,0.01838,1,3,True,0.04412,2,5,False,-1,-1,0
svc-09,slow,0.3,svc-10,,0.0,0.0,0.0,False,,14.1,10.8,-3.3,0.01838,1,3,True,0.0,6,0,False,-1,-1,0
svc-09,slow,0.3,svc-11,,0.0,0.0,0.0,False,,16.5,12.6,-3.9,0.01838,1,3,True,0.0,2,0,False,-1,-1,0
svc-09,slow,0.3,svc-12,,0.0,0.0,0.0,False,,19.2,13.3,-5.9,0.01838,1,3,True,0.0,1,0,False,-1,-1,0
svc-09,slow,0.3,svc-13,,0.0,0.0,0.0,False,,18.8,12.2,-6.6,0.01838,1,3,True,0.0,2,0,False,-1,-1,0
svc-09,slow,0.3,svc-14,,0.0,0.0,0.0,False,,19.3,11.8,-7.5,0.01838,1,3,True,0.0,2,0,False,-1,-1,0
svc-09,slow,0.3,svc-15,,0.0,0.0,0.0,False,,17.5,11.9,-5.6,0.01838,1,3,True,0.0,3,0,False,-1,-1,0
svc-09,slow,0.3,svc-16,,0.0,0.0,0.0,False,,18.1,11.7,-6.4,0.01838,1,3,True,0.0,2,0,False,-1,-1,0
svc-09,slow,0.3,svc-17,,0.0,0.0,0.0,False,,18.2,12.6,-5.6,0.01838,1,3,True,0.0,1,0,False,-1,-1,0
svc-10,down,1.0,svc-00,2.0,0.0,1.0,1.0,True,0.0,236.3,266.1,29.8,0.0,6,0,False,0.0,0,3,False,-1,-1,1
svc-10,down,1.0,svc-01,2.0,0.0,1.0,1.0,True,0.0,213.1,479.3,266.2,0.0,6,0,False,0.0,0,1,False,-1,-1,1
svc-10,down,1.0,svc-02,2.0,0.0,1.0,1.0,True,0.0,212.6,283.6,71.0,0.0,6,0,False,0.0,0,2,False,-1,-1,1
svc-10,down,1.0,svc-03,2.0,0.0,1.0,1.0,True,0.0,214.0,275.9,61.9,0.0,6,0,False,0.0,0,2,False,-1,-1,1
svc-10,down,1.0,svc-04,1.0,0.0,1.0,1.0,True,0.0,93.6,124.9,31.3,0.0,6,0,False,0.0,1,1,True,1200,1,1
svc-10,down,1.0,svc-05,1.0,0.0,1.0,1.0,True,0.0,168.3,254.3,86.0,0.0,6,0,False,0.01838,3,3,True,2000,2,1
svc-10,down,1.0,svc-06,1.0,0.0,1.0,1.0,True,0.0,142.7,132.0,-10.7,0.0,6,0,False,0.01103,1,3,True,1500,0,1
svc-10,down,1.0,svc-07,1.0,0.0,0.0,0.0,False,,100.2,129.7,29.5,0.0,6,0,False,0.01838,1,5,True,1500,1,1
svc-10,down,1.0,svc-08,1.0,0.0,0.0,0.0,False,,153.6,223.0,69.4,0.0,6,0,False,0.04412,2,5,True,1500,2,1
svc-10,down,1.0,svc-09,1.0,0.0,1.0,1.0,True,0.0,211.6,245.9,34.3,0.0,6,0,False,0.01838,1,3,True,2000,0,1
svc-10,down,1.0,svc-11,,0.0,0.0,0.0,False,,15.0,12.5,-2.5,0.0,6,0,False,0.0,2,0,False,-1,-1,1
svc-10,down,1.0,svc-12,,0.0,0.0,0.0,False,,14.8,14.9,0.1,0.0,6,0,False,0.0,1,0,False,-1,-1,1
svc-10,down,1.0,svc-13,,0.0,0.0,0.0,False,,13.8,14.2,0.4,0.0,6,0,False,0.0,2,0,False,-1,-1,1
svc-10,down,1.0,svc-14,,0.0,0.0,0.0,False,,15.4,14.4,-1.0,0.0,6,0,False,0.0,2,0,False,-1,-1,1
svc-10,down,1.0,svc-15,,0.0,0.0,0.0,False,,14.5,14.1,-0.4,0.0,6,0,False,0.0,3,0,False,-1,-1,1
svc-10,down,1.0,svc-16,,0.0,0.0,0.0,False,,13.7,14.4,0.7,0.0,6,0,False,0.0,2,0,False,-1,-1,1
svc-10,down,1.0,svc-17,,0.0,0.0,0.0,False,,13.8,14.5,0.7,0.0,6,0,False,0.0,1,0,False,-1,-1,1
svc-10,down,0.5,svc-00,2.0,0.0,0.857,0.857,True,0.0,239.7,263.9,24.2,0.0,6,0,False,0.0,0,3,False,-1,-1,1
svc-10,down,0.5,svc-01,2.0,0.0,0.0,0.0,False,,231.0,305.2,74.2,0.0,6,0,False,0.0,0,1,False,-1,-1,1
svc-10,down,0.5,svc-02,2.0,0.0,0.143,0.143,True,3051.3,223.5,283.6,60.1,0.0,6,0,False,0.0,0,2,False,-1,-1,1
svc-10,down,0.5,svc-03,2.0,0.0,0.0,0.0,False,,216.2,253.6,37.4,0.0,6,0,False,0.0,0,2,False,-1,-1,1
svc-10,down,0.5,svc-04,1.0,0.0,0.714,0.714,True,0.0,118.6,122.2,3.6,0.0,6,0,False,0.0,1,1,True,1200,1,1
svc-10,down,0.5,svc-05,1.0,0.0,0.143,0.143,True,3635.6,193.4,227.5,34.1,0.0,6,0,False,0.01838,3,3,True,2000,2,1
svc-10,down,0.5,svc-06,1.0,0.0,0.571,0.571,True,0.0,131.3,138.1,6.8,0.0,6,0,False,0.01103,1,3,True,1500,0,1
svc-10,down,0.5,svc-07,1.0,0.0,0.0,0.0,False,,124.6,146.0,21.4,0.0,6,0,False,0.01838,1,5,True,1500,1,1
svc-10,down,0.5,svc-08,1.0,0.0,0.0,0.0,False,,195.2,201.7,6.5,0.0,6,0,False,0.04412,2,5,True,1500,2,1
svc-10,down,0.5,svc-09,1.0,0.0,0.571,0.571,True,1289.5,202.3,241.1,38.8,0.0,6,0,False,0.01838,1,3,True,2000,0,1
svc-10,down,0.5,svc-11,,0.0,0.0,0.0,False,,16.0,16.8,0.8,0.0,6,0,False,0.0,2,0,False,-1,-1,1
svc-10,down,0.5,svc-12,,0.0,0.0,0.0,False,,16.2,16.5,0.3,0.0,6,0,False,0.0,1,0,False,-1,-1,1
svc-10,down,0.5,svc-13,,0.0,0.0,0.0,False,,16.1,16.3,0.2,0.0,6,0,False,0.0,2,0,False,-1,-1,1
svc-10,down,0.5,svc-14,,0.0,0.0,0.0,False,,16.4,16.4,0.0,0.0,6,0,False,0.0,2,0,False,-1,-1,1
svc-10,down,0.5,svc-15,,0.0,0.0,0.0,False,,16.2,16.9,0.7,0.0,6,0,False,0.0,3,0,False,-1,-1,1
svc-10,down,0.5,svc-16,,0.0,0.0,0.0,False,,15.8,16.6,0.8,0.0,6,0,False,0.0,2,0,False,-1,-1,1
svc-10,down,0.5,svc-17,,0.0,0.0,0.0,False,,15.7,16.0,0.3,0.0,6,0,False,0.0,1,0,False,-1,-1,1
svc-10,slow,0.8,svc-00,2.0,0.0,1.0,1.0,True,0.0,237.6,2505.1,2267.5,0.0,6,0,False,0.0,0,3,False,-1,-1,0
svc-10,slow,0.8,svc-01,2.0,0.0,1.0,1.0,True,0.0,218.7,1758.4,1539.7,0.0,6,0,False,0.0,0,1,False,-1,-1,0
svc-10,slow,0.8,svc-02,2.0,0.0,0.0,0.0,False,,207.5,1477.1,1269.6,0.0,6,0,False,0.0,0,2,False,-1,-1,0
svc-10,slow,0.8,svc-03,2.0,0.0,1.0,1.0,True,0.0,209.5,1729.5,1520.0,0.0,6,0,False,0.0,0,2,False,-1,-1,0
svc-10,slow,0.8,svc-04,1.0,0.0,1.0,1.0,True,0.0,84.1,2501.1,2417.0,0.0,6,0,False,0.0,1,1,True,1200,1,0
svc-10,slow,0.8,svc-05,1.0,0.0,0.0,0.0,False,,167.2,1439.7,1272.5,0.0,6,0,False,0.01838,3,3,True,2000,2,0
svc-10,slow,0.8,svc-06,1.0,0.0,0.0,0.0,False,,126.8,1338.8,1212.0,0.0,6,0,False,0.01103,1,3,True,1500,0,0
svc-10,slow,0.8,svc-07,1.0,0.0,0.0,0.0,False,,106.0,1324.5,1218.5,0.0,6,0,False,0.01838,1,5,True,1500,1,0
svc-10,slow,0.8,svc-08,1.0,0.0,0.0,0.0,False,,197.9,1336.8,1138.9,0.0,6,0,False,0.04412,2,5,True,1500,2,0
svc-10,slow,0.8,svc-09,1.0,0.0,0.0,0.0,False,,216.3,1484.5,1268.2,0.0,6,0,False,0.01838,1,3,True,2000,0,0
svc-10,slow,0.8,svc-11,,0.0,0.0,0.0,False,,15.0,11.8,-3.2,0.0,6,0,False,0.0,2,0,False,-1,-1,0
svc-10,slow,0.8,svc-12,,0.0,0.0,0.0,False,,15.1,11.6,-3.5,0.0,6,0,False,0.0,1,0,False,-1,-1,0
svc-10,slow,0.8,svc-13,,0.0,0.0,0.0,False,,15.4,10.9,-4.5,0.0,6,0,False,0.0,2,0,False,-1,-1,0
svc-10,slow,0.8,svc-14,,0.0,0.0,0.0,False,,14.9,12.7,-2.2,0.0,6,0,False,0.0,2,0,False,-1,-1,0
svc-10,slow,0.8,svc-15,,0.0,0.0,0.0,False,,15.5,12.7,-2.8,0.0,6,0,False,0.0,3,0,False,-1,-1,0
svc-10,slow,0.8,svc-16,,0.0,0.0,0.0,False,,14.5,10.4,-4.1,0.0,6,0,False,0.0,2,0,False,-1,-1,0
svc-10,slow,0.8,svc-17,,0.0,0.0,0.0,False,,14.0,11.8,-2.2,0.0,6,0,False,0.0,1,0,False,-1,-1,0
svc-10,slow,0.3,svc-00,2.0,0.0,0.0,0.0,False,,260.8,750.6,489.8,0.0,6,0,False,0.0,0,3,False,-1,-1,0
svc-10,slow,0.3,svc-01,2.0,0.0,0.0,0.0,False,,237.2,745.4,508.2,0.0,6,0,False,0.0,0,1,False,-1,-1,0
svc-10,slow,0.3,svc-02,2.0,0.0,0.0,0.0,False,,235.6,731.5,495.9,0.0,6,0,False,0.0,0,2,False,-1,-1,0
svc-10,slow,0.3,svc-03,2.0,0.0,0.0,0.0,False,,243.5,731.7,488.2,0.0,6,0,False,0.0,0,2,False,-1,-1,0
svc-10,slow,0.3,svc-04,1.0,0.0,0.0,0.0,False,,108.1,631.3,523.2,0.0,6,0,False,0.0,1,1,True,1200,1,0
svc-10,slow,0.3,svc-05,1.0,0.0,0.0,0.0,False,,205.3,705.8,500.5,0.0,6,0,False,0.01838,3,3,True,2000,2,0
svc-10,slow,0.3,svc-06,1.0,0.0,0.0,0.0,False,,117.4,611.7,494.3,0.0,6,0,False,0.01103,1,3,True,1500,0,0
svc-10,slow,0.3,svc-07,1.0,0.0,0.0,0.0,False,,117.5,612.0,494.5,0.0,6,0,False,0.01838,1,5,True,1500,1,0
svc-10,slow,0.3,svc-08,1.0,0.0,0.0,0.0,False,,157.3,657.3,500.0,0.0,6,0,False,0.04412,2,5,True,1500,2,0
svc-10,slow,0.3,svc-09,1.0,0.0,0.0,0.0,False,,243.1,724.4,481.3,0.0,6,0,False,0.01838,1,3,True,2000,0,0
svc-10,slow,0.3,svc-11,,0.0,0.0,0.0,False,,14.3,19.7,5.4,0.0,6,0,False,0.0,2,0,False,-1,-1,0
svc-10,slow,0.3,svc-12,,0.0,0.0,0.0,False,,15.5,21.3,5.8,0.0,6,0,False,0.0,1,0,False,-1,-1,0
svc-10,slow,0.3,svc-13,,0.0,0.0,0.0,False,,16.2,19.6,3.4,0.0,6,0,False,0.0,2,0,False,-1,-1,0
svc-10,slow,0.3,svc-14,,0.0,0.0,0.0,False,,15.2,20.7,5.5,0.0,6,0,False,0.0,2,0,False,-1,-1,0
svc-10,slow,0.3,svc-15,,0.0,0.0,0.0,False,,16.0,20.7,4.7,0.0,6,0,False,0.0,3,0,False,-1,-1,0
svc-10,slow,0.3,svc-16,,0.0,0.0,0.0,False,,14.7,20.0,5.3,0.0,6,0,False,0.0,2,0,False,-1,-1,0
svc-10,slow,0.3,svc-17,,0.0,0.0,0.0,False,,13.5,20.9,7.4,0.0,6,0,False,0.0,1,0,False,-1,-1,0
svc-11,down,1.0,svc-00,3.0,0.0,0.0,0.0,False,,294.9,275.6,-19.3,0.0,2,0,False,0.0,0,3,False,-1,-1,1
svc-11,down,1.0,svc-01,2.0,0.0,1.0,1.0,True,0.0,286.4,484.0,197.6,0.0,2,0,False,0.0,0,1,False,-1,-1,1
svc-11,down,1.0,svc-02,2.0,0.0,1.0,1.0,True,0.0,263.7,298.5,34.8,0.0,2,0,False,0.0,0,2,False,-1,-1,1
svc-11,down,1.0,svc-03,2.0,0.0,1.0,1.0,True,0.0,281.9,291.6,9.7,0.0,2,0,False,0.0,0,2,False,-1,-1,1
svc-11,down,1.0,svc-04,,0.0,0.0,0.0,False,,129.7,125.9,-3.8,0.0,2,0,False,0.0,1,1,False,-1,-1,1
svc-11,down,1.0,svc-05,1.0,0.0,1.0,1.0,True,0.0,247.1,282.5,35.4,0.0,2,0,False,0.01838,3,3,True,1500,2,1
svc-11,down,1.0,svc-06,,0.0,0.0,0.0,False,,152.4,144.5,-7.9,0.0,2,0,False,0.01103,1,3,False,-1,-1,1
svc-11,down,1.0,svc-07,,0.0,0.0,0.0,False,,165.9,151.1,-14.8,0.0,2,0,False,0.01838,1,5,False,-1,-1,1
svc-11,down,1.0,svc-08,1.0,0.0,0.0,0.0,False,,224.0,245.5,21.5,0.0,2,0,False,0.04412,2,5,True,2000,0,1
svc-11,down,1.0,svc-09,2.0,0.0,0.0,0.0,False,,277.9,255.7,-22.2,0.0,2,0,False,0.01838,1,3,False,-1,-1,1
svc-11,down,1.0,svc-10,,0.0,0.0,0.0,False,,17.4,18.9,1.5,0.0,2,0,False,0.0,6,0,False,-1,-1,1
svc-11,down,1.0,svc-12,,0.0,0.0,0.0,False,,18.8,19.9,1.1,0.0,2,0,False,0.0,1,0,False,-1,-1,1
svc-11,down,1.0,svc-13,,0.0,0.0,0.0,False,,21.4,19.3,-2.1,0.0,2,0,False,0.0,2,0,False,-1,-1,1
svc-11,down,1.0,svc-14,,0.0,0.0,0.0,False,,20.4,19.1,-1.3,0.0,2,0,False,0.0,2,0,False,-1,-1,1
svc-11,down,1.0,svc-15,,0.0,0.0,0.0,False,,19.9,19.8,-0.1,0.0,2,0,False,0.0,3,0,False,-1,-1,1
svc-11,down,1.0,svc-16,,0.0,0.0,0.0,False,,17.0,18.1,1.1,0.0,2,0,False,0.0,2,0,False,-1,-1,1
svc-11,down,1.0,svc-17,,0.0,0.0,0.0,False,,19.1,19.0,-0.1,0.0,2,0,False,0.0,1,0,False,-1,-1,1
svc-11,down,0.5,svc-00,3.0,0.0,0.0,0.0,False,,235.4,250.8,15.4,0.0,2,0,False,0.0,0,3,False,-1,-1,1
svc-11,down,0.5,svc-01,2.0,0.0,0.0,0.0,False,,227.1,252.2,25.1,0.0,2,0,False,0.0,0,1,False,-1,-1,1
svc-11,down,0.5,svc-02,2.0,0.0,0.125,0.125,True,1559.8,206.2,245.8,39.6,0.0,2,0,False,0.0,0,2,False,-1,-1,1
svc-11,down,0.5,svc-03,2.0,0.0,0.125,0.125,True,3079.2,215.9,242.9,27.0,0.0,2,0,False,0.0,0,2,False,-1,-1,1
svc-11,down,0.5,svc-04,,0.0,0.0,0.0,False,,103.6,111.0,7.4,0.0,2,0,False,0.0,1,1,False,-1,-1,1
svc-11,down,0.5,svc-05,1.0,0.0,0.5,0.5,True,0.0,193.2,239.5,46.3,0.0,2,0,False,0.01838,3,3,True,1500,2,1
svc-11,down,0.5,svc-06,,0.0,0.0,0.0,False,,129.6,134.6,5.0,0.0,2,0,False,0.01103,1,3,False,-1,-1,1
svc-11,down,0.5,svc-07,,0.0,0.0,0.0,False,,100.6,111.7,11.1,0.0,2,0,False,0.01838,1,5,False,-1,-1,1
svc-11,down,0.5,svc-08,1.0,0.0,0.0,0.0,False,,187.3,214.7,27.4,0.0,2,0,False,0.04412,2,5,True,2000,0,1
svc-11,down,0.5,svc-09,2.0,0.0,0.0,0.0,False,,211.6,231.9,20.3,0.0,2,0,False,0.01838,1,3,False,-1,-1,1
svc-11,down,0.5,svc-10,,0.0,0.0,0.0,False,,16.1,14.2,-1.9,0.0,2,0,False,0.0,6,0,False,-1,-1,1
svc-11,down,0.5,svc-12,,0.0,0.0,0.0,False,,17.4,14.1,-3.3,0.0,2,0,False,0.0,1,0,False,-1,-1,1
svc-11,down,0.5,svc-13,,0.0,0.0,0.0,False,,17.2,12.8,-4.4,0.0,2,0,False,0.0,2,0,False,-1,-1,1
svc-11,down,0.5,svc-14,,0.0,0.0,0.0,False,,16.9,15.2,-1.7,0.0,2,0,False,0.0,2,0,False,-1,-1,1
svc-11,down,0.5,svc-15,,0.0,0.0,0.0,False,,17.0,15.0,-2.0,0.0,2,0,False,0.0,3,0,False,-1,-1,1
svc-11,down,0.5,svc-16,,0.0,0.0,0.0,False,,16.0,14.2,-1.8,0.0,2,0,False,0.0,2,0,False,-1,-1,1
svc-11,down,0.5,svc-17,,0.0,0.0,0.0,False,,16.4,14.5,-1.9,0.0,2,0,False,0.0,1,0,False,-1,-1,1
svc-11,slow,0.8,svc-00,3.0,0.0,1.0,1.0,True,0.0,271.3,920.1,648.8,0.0,2,0,False,0.0,0,3,False,-1,-1,0
svc-11,slow,0.8,svc-01,2.0,0.0,1.0,1.0,True,0.0,256.0,1765.4,1509.4,0.0,2,0,False,0.0,0,1,False,-1,-1,0
svc-11,slow,0.8,svc-02,2.0,0.0,0.0,0.0,False,,235.3,1496.3,1261.0,0.0,2,0,False,0.0,0,2,False,-1,-1,0
svc-11,slow,0.8,svc-03,2.0,0.0,1.0,1.0,True,0.0,257.7,1747.2,1489.5,0.0,2,0,False,0.0,0,2,False,-1,-1,0
svc-11,slow,0.8,svc-04,,0.0,0.0,0.0,False,,83.5,123.2,39.7,0.0,2,0,False,0.0,1,1,False,-1,-1,0
svc-11,slow,0.8,svc-05,1.0,0.0,0.0,0.0,False,,179.5,1459.6,1280.1,0.0,2,0,False,0.01838,3,3,True,1500,2,0
svc-11,slow,0.8,svc-06,,0.0,0.0,0.0,False,,157.6,140.9,-16.7,0.0,2,0,False,0.01103,1,3,False,-1,-1,0
svc-11,slow,0.8,svc-07,,0.0,0.0,0.0,False,,127.2,179.4,52.2,0.0,2,0,False,0.01838,1,5,False,-1,-1,0
svc-11,slow,0.8,svc-08,1.0,0.0,0.0,0.0,False,,240.7,1346.7,1106.0,0.0,2,0,False,0.04412,2,5,True,2000,0,0
svc-11,slow,0.8,svc-09,2.0,0.0,0.0,0.0,False,,249.3,1482.9,1233.6,0.0,2,0,False,0.01838,1,3,False,-1,-1,0
svc-11,slow,0.8,svc-10,,0.0,0.0,0.0,False,,15.9,19.7,3.8,0.0,2,0,False,0.0,6,0,False,-1,-1,0
svc-11,slow,0.8,svc-12,,0.0,0.0,0.0,False,,16.6,18.5,1.9,0.0,2,0,False,0.0,1,0,False,-1,-1,0
svc-11,slow,0.8,svc-13,,0.0,0.0,0.0,False,,16.7,17.8,1.1,0.0,2,0,False,0.0,2,0,False,-1,-1,0
svc-11,slow,0.8,svc-14,,0.0,0.0,0.0,False,,15.3,18.1,2.8,0.0,2,0,False,0.0,2,0,False,-1,-1,0
svc-11,slow,0.8,svc-15,,0.0,0.0,0.0,False,,15.1,17.6,2.5,0.0,2,0,False,0.0,3,0,False,-1,-1,0
svc-11,slow,0.8,svc-16,,0.0,0.0,0.0,False,,16.0,16.8,0.8,0.0,2,0,False,0.0,2,0,False,-1,-1,0
svc-11,slow,0.8,svc-17,,0.0,0.0,0.0,False,,15.7,16.8,1.1,0.0,2,0,False,0.0,1,0,False,-1,-1,0
svc-11,slow,0.3,svc-00,3.0,0.0,0.0,0.0,False,,235.2,731.8,496.6,0.0,2,0,False,0.0,0,3,False,-1,-1,0
svc-11,slow,0.3,svc-01,2.0,0.0,0.0,0.0,False,,223.6,731.0,507.4,0.0,2,0,False,0.0,0,1,False,-1,-1,0
svc-11,slow,0.3,svc-02,2.0,0.0,0.0,0.0,False,,215.9,719.8,503.9,0.0,2,0,False,0.0,0,2,False,-1,-1,0
svc-11,slow,0.3,svc-03,2.0,0.0,0.0,0.0,False,,206.1,713.8,507.7,0.0,2,0,False,0.0,0,2,False,-1,-1,0
svc-11,slow,0.3,svc-04,,0.0,0.0,0.0,False,,86.9,95.8,8.9,0.0,2,0,False,0.0,1,1,False,-1,-1,0
svc-11,slow,0.3,svc-05,1.0,0.0,0.0,0.0,False,,186.9,698.6,511.7,0.0,2,0,False,0.01838,3,3,True,1500,2,0
svc-11,slow,0.3,svc-06,,0.0,0.0,0.0,False,,118.1,137.1,19.0,0.0,2,0,False,0.01103,1,3,False,-1,-1,0
svc-11,slow,0.3,svc-07,,0.0,0.0,0.0,False,,134.6,135.2,0.6,0.0,2,0,False,0.01838,1,5,False,-1,-1,0
svc-11,slow,0.3,svc-08,1.0,0.0,0.0,0.0,False,,163.9,616.0,452.1,0.0,2,0,False,0.04412,2,5,True,2000,0,0
svc-11,slow,0.3,svc-09,2.0,0.0,0.0,0.0,False,,214.0,719.2,505.2,0.0,2,0,False,0.01838,1,3,False,-1,-1,0
svc-11,slow,0.3,svc-10,,0.0,0.0,0.0,False,,13.8,11.9,-1.9,0.0,2,0,False,0.0,6,0,False,-1,-1,0
svc-11,slow,0.3,svc-12,,0.0,0.0,0.0,False,,14.1,12.5,-1.6,0.0,2,0,False,0.0,1,0,False,-1,-1,0
svc-11,slow,0.3,svc-13,,0.0,0.0,0.0,False,,15.2,12.8,-2.4,0.0,2,0,False,0.0,2,0,False,-1,-1,0
svc-11,slow,0.3,svc-14,,0.0,0.0,0.0,False,,15.3,13.9,-1.4,0.0,2,0,False,0.0,2,0,False,-1,-1,0
svc-11,slow,0.3,svc-15,,0.0,0.0,0.0,False,,15.0,13.2,-1.8,0.0,2,0,False,0.0,3,0,False,-1,-1,0
svc-11,slow,0.3,svc-16,,0.0,0.0,0.0,False,,14.8,13.5,-1.3,0.0,2,0,False,0.0,2,0,False,-1,-1,0
svc-11,slow,0.3,svc-17,,0.0,0.0,0.0,False,,14.9,12.4,-2.5,0.0,2,0,False,0.0,1,0,False,-1,-1,0
svc-12,down,1.0,svc-00,2.0,0.0,1.0,1.0,True,0.0,243.1,240.8,-2.3,0.0,1,0,False,0.0,0,3,False,-1,-1,1
svc-12,down,1.0,svc-01,,0.0,0.0,0.0,False,,228.4,231.4,3.0,0.0,1,0,False,0.0,0,1,False,-1,-1,1
svc-12,down,1.0,svc-02,,0.0,0.0,0.0,False,,206.5,224.2,17.7,0.0,1,0,False,0.0,0,2,False,-1,-1,1
svc-12,down,1.0,svc-03,,0.0,0.0,0.0,False,,220.6,224.2,3.6,0.0,1,0,False,0.0,0,2,False,-1,-1,1
svc-12,down,1.0,svc-04,,0.0,0.0,0.0,False,,101.7,89.3,-12.4,0.0,1,0,False,0.0,1,1,False,-1,-1,1
svc-12,down,1.0,svc-05,,0.0,0.0,0.0,False,,194.6,195.0,0.4,0.0,1,0,False,0.01838,3,3,False,-1,-1,1
svc-12,down,1.0,svc-06,,0.0,0.0,0.0,False,,128.1,127.1,-1.0,0.0,1,0,False,0.01103,1,3,False,-1,-1,1
svc-12,down,1.0,svc-07,,0.0,0.0,0.0,False,,133.1,122.3,-10.8,0.0,1,0,False,0.01838,1,5,False,-1,-1,1
svc-12,down,1.0,svc-08,,0.0,0.0,0.0,False,,202.1,198.7,-3.4,0.0,1,0,False,0.04412,2,5,False,-1,-1,1
svc-12,down,1.0,svc-09,1.0,0.0,1.0,1.0,True,0.0,221.6,219.6,-2.0,0.0,1,0,False,0.01838,1,3,True,1200,2,1
svc-12,down,1.0,svc-10,,0.0,0.0,0.0,False,,16.2,18.1,1.9,0.0,1,0,False,0.0,6,0,False,-1,-1,1
svc-12,down,1.0,svc-11,,0.0,0.0,0.0,False,,16.1,20.0,3.9,0.0,1,0,False,0.0,2,0,False,-1,-1,1
svc-12,down,1.0,svc-13,,0.0,0.0,0.0,False,,17.1,21.1,4.0,0.0,1,0,False,0.0,2,0,False,-1,-1,1
svc-12,down,1.0,svc-14,,0.0,0.0,0.0,False,,16.4,19.6,3.2,0.0,1,0,False,0.0,2,0,False,-1,-1,1
svc-12,down,1.0,svc-15,,0.0,0.0,0.0,False,,16.5,20.1,3.6,0.0,1,0,False,0.0,3,0,False,-1,-1,1
svc-12,down,1.0,svc-16,,0.0,0.0,0.0,False,,16.8,19.8,3.0,0.0,1,0,False,0.0,2,0,False,-1,-1,1
svc-12,down,1.0,svc-17,,0.0,0.0,0.0,False,,17.3,19.9,2.6,0.0,1,0,False,0.0,1,0,False,-1,-1,1
svc-12,down,0.5,svc-00,2.0,0.0,0.444,0.444,True,0.0,243.3,234.1,-9.2,0.0,1,0,False,0.0,0,3,False,-1,-1,1
svc-12,down,0.5,svc-01,,0.0,0.0,0.0,False,,231.5,215.4,-16.1,0.0,1,0,False,0.0,0,1,False,-1,-1,1
svc-12,down,0.5,svc-02,,0.0,0.0,0.0,False,,215.6,205.2,-10.4,0.0,1,0,False,0.0,0,2,False,-1,-1,1
svc-12,down,0.5,svc-03,,0.0,0.0,0.0,False,,216.3,211.0,-5.3,0.0,1,0,False,0.0,0,2,False,-1,-1,1
svc-12,down,0.5,svc-04,,0.0,0.0,0.0,False,,102.5,83.7,-18.8,0.0,1,0,False,0.0,1,1,False,-1,-1,1
svc-12,down,0.5,svc-05,,0.0,0.0,0.0,False,,195.8,179.3,-16.5,0.0,1,0,False,0.01838,3,3,False,-1,-1,1
svc-12,down,0.5,svc-06,,0.0,0.0,0.0,False,,130.6,121.4,-9.2,0.0,1,0,False,0.01103,1,3,False,-1,-1,1
svc-12,down,0.5,svc-07,,0.0,0.0,0.0,False,,114.1,112.5,-1.6,0.0,1,0,False,0.01838,1,5,False,-1,-1,1
svc-12,down,0.5,svc-08,,0.0,0.0,0.0,False,,171.1,196.0,24.9,0.0,1,0,False,0.04412,2,5,False,-1,-1,1
svc-12,down,0.5,svc-09,1.0,0.0,0.0,0.0,False,,217.4,208.0,-9.4,0.0,1,0,False,0.01838,1,3,True,1200,2,1
svc-12,down,0.5,svc-10,,0.0,0.0,0.0,False,,16.8,13.7,-3.1,0.0,1,0,False,0.0,6,0,False,-1,-1,1
svc-12,down,0.5,svc-11,,0.0,0.0,0.0,False,,17.5,15.0,-2.5,0.0,1,0,False,0.0,2,0,False,-1,-1,1
svc-12,down,0.5,svc-13,,0.0,0.0,0.0,False,,16.0,15.1,-0.9,0.0,1,0,False,0.0,2,0,False,-1,-1,1
svc-12,down,0.5,svc-14,,0.0,0.0,0.0,False,,17.3,14.5,-2.8,0.0,1,0,False,0.0,2,0,False,-1,-1,1
svc-12,down,0.5,svc-15,,0.0,0.0,0.0,False,,17.4,14.6,-2.8,0.0,1,0,False,0.0,3,0,False,-1,-1,1
svc-12,down,0.5,svc-16,,0.0,0.0,0.0,False,,17.8,14.1,-3.7,0.0,1,0,False,0.0,2,0,False,-1,-1,1
svc-12,down,0.5,svc-17,,0.0,0.0,0.0,False,,16.8,14.0,-2.8,0.0,1,0,False,0.0,1,0,False,-1,-1,1
svc-12,slow,0.8,svc-00,2.0,0.0,1.0,1.0,True,0.0,284.6,942.5,657.9,0.0,1,0,False,0.0,0,3,False,-1,-1,0
svc-12,slow,0.8,svc-01,,0.0,0.0,0.0,False,,263.0,249.4,-13.6,0.0,1,0,False,0.0,0,1,False,-1,-1,0
svc-12,slow,0.8,svc-02,,0.0,0.0,0.0,False,,245.3,222.7,-22.6,0.0,1,0,False,0.0,0,2,False,-1,-1,0
svc-12,slow,0.8,svc-03,,0.0,0.0,0.0,False,,266.5,276.3,9.8,0.0,1,0,False,0.0,0,2,False,-1,-1,0
svc-12,slow,0.8,svc-04,,0.0,0.0,0.0,False,,132.8,104.4,-28.4,0.0,1,0,False,0.0,1,1,False,-1,-1,0
svc-12,slow,0.8,svc-05,,0.0,0.0,0.0,False,,227.5,216.1,-11.4,0.0,1,0,False,0.01838,3,3,False,-1,-1,0
svc-12,slow,0.8,svc-06,,0.0,0.0,0.0,False,,154.7,166.1,11.4,0.0,1,0,False,0.01103,1,3,False,-1,-1,0
svc-12,slow,0.8,svc-07,,0.0,0.0,0.0,False,,151.7,151.5,-0.2,0.0,1,0,False,0.01838,1,5,False,-1,-1,0
svc-12,slow,0.8,svc-08,,0.0,0.0,0.0,False,,254.2,263.3,9.1,0.0,1,0,False,0.04412,2,5,False,-1,-1,0
svc-12,slow,0.8,svc-09,1.0,0.0,1.0,1.0,True,0.0,264.9,3014.9,2750.0,0.0,1,0,False,0.01838,1,3,True,1200,2,0
svc-12,slow,0.8,svc-10,,0.0,0.0,0.0,False,,17.3,22.3,5.0,0.0,1,0,False,0.0,6,0,False,-1,-1,0
svc-12,slow,0.8,svc-11,,0.0,0.0,0.0,False,,18.5,18.2,-0.3,0.0,1,0,False,0.0,2,0,False,-1,-1,0
svc-12,slow,0.8,svc-13,,0.0,0.0,0.0,False,,16.7,19.2,2.5,0.0,1,0,False,0.0,2,0,False,-1,-1,0
svc-12,slow,0.8,svc-14,,0.0,0.0,0.0,False,,18.5,18.0,-0.5,0.0,1,0,False,0.0,2,0,False,-1,-1,0
svc-12,slow,0.8,svc-15,,0.0,0.0,0.0,False,,18.4,17.6,-0.8,0.0,1,0,False,0.0,3,0,False,-1,-1,0
svc-12,slow,0.8,svc-16,,0.0,0.0,0.0,False,,19.3,17.6,-1.7,0.0,1,0,False,0.0,2,0,False,-1,-1,0
svc-12,slow,0.8,svc-17,,0.0,0.0,0.0,False,,18.6,20.8,2.2,0.0,1,0,False,0.0,1,0,False,-1,-1,0
svc-12,slow,0.3,svc-00,2.0,0.0,0.0,0.0,False,,255.0,672.5,417.5,0.0,1,0,False,0.0,0,3,False,-1,-1,0
svc-12,slow,0.3,svc-01,,0.0,0.0,0.0,False,,263.9,227.5,-36.4,0.0,1,0,False,0.0,0,1,False,-1,-1,0
svc-12,slow,0.3,svc-02,,0.0,0.0,0.0,False,,255.1,216.5,-38.6,0.0,1,0,False,0.0,0,2,False,-1,-1,0
svc-12,slow,0.3,svc-03,,0.0,0.0,0.0,False,,246.7,198.9,-47.8,0.0,1,0,False,0.0,0,2,False,-1,-1,0
svc-12,slow,0.3,svc-04,,0.0,0.0,0.0,False,,129.1,94.2,-34.9,0.0,1,0,False,0.0,1,1,False,-1,-1,0
svc-12,slow,0.3,svc-05,,0.0,0.0,0.0,False,,229.3,162.1,-67.2,0.0,1,0,False,0.01838,3,3,False,-1,-1,0
svc-12,slow,0.3,svc-06,,0.0,0.0,0.0,False,,116.5,131.3,14.8,0.0,1,0,False,0.01103,1,3,False,-1,-1,0
svc-12,slow,0.3,svc-07,,0.0,0.0,0.0,False,,146.2,138.0,-8.2,0.0,1,0,False,0.01838,1,5,False,-1,-1,0
svc-12,slow,0.3,svc-08,,0.0,0.0,0.0,False,,201.2,148.1,-53.1,0.0,1,0,False,0.04412,2,5,False,-1,-1,0
svc-12,slow,0.3,svc-09,1.0,0.0,0.0,0.0,False,,238.5,582.8,344.3,0.0,1,0,False,0.01838,1,3,True,1200,2,0
svc-12,slow,0.3,svc-10,,0.0,0.0,0.0,False,,24.8,12.2,-12.6,0.0,1,0,False,0.0,6,0,False,-1,-1,0
svc-12,slow,0.3,svc-11,,0.0,0.0,0.0,False,,23.7,13.5,-10.2,0.0,1,0,False,0.0,2,0,False,-1,-1,0
svc-12,slow,0.3,svc-13,,0.0,0.0,0.0,False,,23.3,13.2,-10.1,0.0,1,0,False,0.0,2,0,False,-1,-1,0
svc-12,slow,0.3,svc-14,,0.0,0.0,0.0,False,,24.0,13.0,-11.0,0.0,1,0,False,0.0,2,0,False,-1,-1,0
svc-12,slow,0.3,svc-15,,0.0,0.0,0.0,False,,22.7,12.9,-9.8,0.0,1,0,False,0.0,3,0,False,-1,-1,0
svc-12,slow,0.3,svc-16,,0.0,0.0,0.0,False,,22.1,12.4,-9.7,0.0,1,0,False,0.0,2,0,False,-1,-1,0
svc-12,slow,0.3,svc-17,,0.0,0.0,0.0,False,,22.6,12.8,-9.8,0.0,1,0,False,0.0,1,0,False,-1,-1,0
svc-13,down,1.0,svc-00,3.0,0.0,0.0,0.0,False,,254.6,246.0,-8.6,0.0,2,0,False,0.0,0,3,False,-1,-1,1
svc-13,down,1.0,svc-01,2.0,0.0,1.0,1.0,True,0.0,228.2,387.2,159.0,0.0,2,0,False,0.0,0,1,False,-1,-1,1
svc-13,down,1.0,svc-02,2.0,0.0,1.0,1.0,True,0.0,219.5,250.8,31.3,0.0,2,0,False,0.0,0,2,False,-1,-1,1
svc-13,down,1.0,svc-03,2.0,0.0,1.0,1.0,True,0.0,235.8,246.8,11.0,0.0,2,0,False,0.0,0,2,False,-1,-1,1
svc-13,down,1.0,svc-04,,0.0,0.0,0.0,False,,105.0,112.3,7.3,0.0,2,0,False,0.0,1,1,False,-1,-1,1
svc-13,down,1.0,svc-05,1.0,0.0,1.0,1.0,True,0.0,190.0,219.0,29.0,0.0,2,0,False,0.01838,3,3,True,1200,1,1
svc-13,down,1.0,svc-06,,0.0,0.0,0.0,False,,124.5,130.0,5.5,0.0,2,0,False,0.01103,1,3,False,-1,-1,1
svc-13,down,1.0,svc-07,,0.0,0.0,0.0,False,,127.2,115.6,-11.6,0.0,2,0,False,0.01838,1,5,False,-1,-1,1
svc-13,down,1.0,svc-08,1.0,0.0,0.0,0.0,False,,212.6,215.5,2.9,0.0,2,0,False,0.04412,2,5,True,1500,1,1
svc-13,down,1.0,svc-09,2.0,0.0,0.0,0.0,False,,230.2,227.5,-2.7,0.0,2,0,False,0.01838,1,3,False,-1,-1,1
svc-13,down,1.0,svc-10,,0.0,0.0,0.0,False,,18.1,14.2,-3.9,0.0,2,0,False,0.0,6,0,False,-1,-1,1
svc-13,down,1.0,svc-11,,0.0,0.0,0.0,False,,17.6,14.7,-2.9,0.0,2,0,False,0.0,2,0,False,-1,-1,1
svc-13,down,1.0,svc-12,,0.0,0.0,0.0,False,,18.4,17.5,-0.9,0.0,2,0,False,0.0,1,0,False,-1,-1,1
svc-13,down,1.0,svc-14,,0.0,0.0,0.0,False,,17.8,16.1,-1.7,0.0,2,0,False,0.0,2,0,False,-1,-1,1
svc-13,down,1.0,svc-15,,0.0,0.0,0.0,False,,17.8,17.6,-0.2,0.0,2,0,False,0.0,3,0,False,-1,-1,1
svc-13,down,1.0,svc-16,,0.0,0.0,0.0,False,,18.1,16.2,-1.9,0.0,2,0,False,0.0,2,0,False,-1,-1,1
svc-13,down,1.0,svc-17,,0.0,0.0,0.0,False,,17.9,16.8,-1.1,0.0,2,0,False,0.0,1,0,False,-1,-1,1
svc-13,down,0.5,svc-00,3.0,0.0,0.0,0.0,False,,242.6,254.1,11.5,0.0,2,0,False,0.0,0,3,False,-1,-1,1
svc-13,down,0.5,svc-01,2.0,0.0,0.25,0.25,True,1982.4,233.8,303.8,70.0,0.0,2,0,False,0.0,0,1,False,-1,-1,1
svc-13,down,0.5,svc-02,2.0,0.0,0.125,0.125,True,497.6,225.1,247.1,22.0,0.0,2,0,False,0.0,0,2,False,-1,-1,1
svc-13,down,0.5,svc-03,2.0,0.0,0.25,0.25,True,1003.8,222.5,242.2,19.7,0.0,2,0,False,0.0,0,2,False,-1,-1,1
svc-13,down,0.5,svc-04,,0.0,0.0,0.0,False,,78.3,90.0,11.7,0.0,2,0,False,0.0,1,1,False,-1,-1,1
svc-13,down,0.5,svc-05,1.0,0.0,0.375,0.375,True,497.6,197.8,222.9,25.1,0.0,2,0,False,0.01838,3,3,True,1200,1,1
svc-13,down,0.5,svc-06,,0.0,0.0,0.0,False,,122.3,130.5,8.2,0.0,2,0,False,0.01103,1,3,False,-1,-1,1
svc-13,down,0.5,svc-07,,0.0,0.0,0.0,False,,143.2,114.4,-28.8,0.0,2,0,False,0.01838,1,5,False,-1,-1,1
svc-13,down,0.5,svc-08,1.0,0.0,0.0,0.0,False,,193.2,193.6,0.4,0.0,2,0,False,0.04412,2,5,True,1500,1,1
svc-13,down,0.5,svc-09,2.0,0.0,0.0,0.0,False,,217.0,232.6,15.6,0.0,2,0,False,0.01838,1,3,False,-1,-1,1
svc-13,down,0.5,svc-10,,0.0,0.0,0.0,False,,12.8,16.2,3.4,0.0,2,0,False,0.0,6,0,False,-1,-1,1
svc-13,down,0.5,svc-11,,0.0,0.0,0.0,False,,15.1,17.0,1.9,0.0,2,0,False,0.0,2,0,False,-1,-1,1
svc-13,down,0.5,svc-12,,0.0,0.0,0.0,False,,12.6,16.6,4.0,0.0,2,0,False,0.0,1,0,False,-1,-1,1
svc-13,down,0.5,svc-14,,0.0,0.0,0.0,False,,15.7,16.8,1.1,0.0,2,0,False,0.0,2,0,False,-1,-1,1
svc-13,down,0.5,svc-15,,0.0,0.0,0.0,False,,14.2,16.3,2.1,0.0,2,0,False,0.0,3,0,False,-1,-1,1
svc-13,down,0.5,svc-16,,0.0,0.0,0.0,False,,14.4,16.4,2.0,0.0,2,0,False,0.0,2,0,False,-1,-1,1
svc-13,down,0.5,svc-17,,0.0,0.0,0.0,False,,15.1,16.4,1.3,0.0,2,0,False,0.0,1,0,False,-1,-1,1
svc-13,slow,0.8,svc-00,3.0,0.0,1.0,1.0,True,0.0,265.3,919.3,654.0,0.0,2,0,False,0.0,0,3,False,-1,-1,0
svc-13,slow,0.8,svc-01,2.0,0.0,1.0,1.0,True,0.0,264.0,1757.3,1493.3,0.0,2,0,False,0.0,0,1,False,-1,-1,0
svc-13,slow,0.8,svc-02,2.0,0.0,1.0,1.0,True,0.0,255.4,1598.5,1343.1,0.0,2,0,False,0.0,0,2,False,-1,-1,0
svc-13,slow,0.8,svc-03,2.0,0.0,1.0,1.0,True,0.0,250.6,1737.9,1487.3,0.0,2,0,False,0.0,0,2,False,-1,-1,0
svc-13,slow,0.8,svc-04,,0.0,0.0,0.0,False,,95.1,88.1,-7.0,0.0,2,0,False,0.0,1,1,False,-1,-1,0
svc-13,slow,0.8,svc-05,1.0,0.0,1.0,1.0,True,0.0,229.3,2641.7,2412.4,0.0,2,0,False,0.01838,3,3,True,1200,1,0
svc-13,slow,0.8,svc-06,,0.0,0.0,0.0,False,,163.2,146.2,-17.0,0.0,2,0,False,0.01103,1,3,False,-1,-1,0
svc-13,slow,0.8,svc-07,,0.0,0.0,0.0,False,,160.4,116.6,-43.8,0.0,2,0,False,0.01838,1,5,False,-1,-1,0
svc-13,slow,0.8,svc-08,1.0,0.0,0.0,0.0,False,,238.5,1345.8,1107.3,0.0,2,0,False,0.04412,2,5,True,1500,1,0
svc-13,slow,0.8,svc-09,2.0,0.0,0.0,0.0,False,,244.3,1445.3,1201.0,0.0,2,0,False,0.01838,1,3,False,-1,-1,0
svc-13,slow,0.8,svc-10,,0.0,0.0,0.0,False,,19.0,24.3,5.3,0.0,2,0,False,0.0,6,0,False,-1,-1,0
svc-13,slow,0.8,svc-11,,0.0,0.0,0.0,False,,17.1,24.1,7.0,0.0,2,0,False,0.0,2,0,False,-1,-1,0
svc-13,slow,0.8,svc-12,,0.0,0.0,0.0,False,,20.3,23.9,3.6,0.0,2,0,False,0.0,1,0,False,-1,-1,0
svc-13,slow,0.8,svc-14,,0.0,0.0,0.0,False,,20.1,22.9,2.8,0.0,2,0,False,0.0,2,0,False,-1,-1,0
svc-13,slow,0.8,svc-15,,0.0,0.0,0.0,False,,19.1,24.2,5.1,0.0,2,0,False,0.0,3,0,False,-1,-1,0
svc-13,slow,0.8,svc-16,,0.0,0.0,0.0,False,,19.7,24.3,4.6,0.0,2,0,False,0.0,2,0,False,-1,-1,0
svc-13,slow,0.8,svc-17,,0.0,0.0,0.0,False,,19.0,23.5,4.5,0.0,2,0,False,0.0,1,0,False,-1,-1,0
svc-13,slow,0.3,svc-00,3.0,0.0,0.0,0.0,False,,259.1,723.2,464.1,0.0,2,0,False,0.0,0,3,False,-1,-1,0
svc-13,slow,0.3,svc-01,2.0,0.0,0.0,0.0,False,,229.0,717.6,488.6,0.0,2,0,False,0.0,0,1,False,-1,-1,0
svc-13,slow,0.3,svc-02,2.0,0.0,0.0,0.0,False,,219.4,702.8,483.4,0.0,2,0,False,0.0,0,2,False,-1,-1,0
svc-13,slow,0.3,svc-03,2.0,0.0,0.0,0.0,False,,244.1,702.1,458.0,0.0,2,0,False,0.0,0,2,False,-1,-1,0
svc-13,slow,0.3,svc-04,,0.0,0.0,0.0,False,,125.5,110.4,-15.1,0.0,2,0,False,0.0,1,1,False,-1,-1,0
svc-13,slow,0.3,svc-05,1.0,0.0,0.0,0.0,False,,192.7,686.9,494.2,0.0,2,0,False,0.01838,3,3,True,1200,1,0
svc-13,slow,0.3,svc-06,,0.0,0.0,0.0,False,,122.5,128.9,6.4,0.0,2,0,False,0.01103,1,3,False,-1,-1,0
svc-13,slow,0.3,svc-07,,0.0,0.0,0.0,False,,116.9,117.9,1.0,0.0,2,0,False,0.01838,1,5,False,-1,-1,0
svc-13,slow,0.3,svc-08,1.0,0.0,0.0,0.0,False,,234.4,604.8,370.4,0.0,2,0,False,0.04412,2,5,True,1500,1,0
svc-13,slow,0.3,svc-09,2.0,0.0,0.0,0.0,False,,241.4,700.2,458.8,0.0,2,0,False,0.01838,1,3,False,-1,-1,0
svc-13,slow,0.3,svc-10,,0.0,0.0,0.0,False,,17.6,13.6,-4.0,0.0,2,0,False,0.0,6,0,False,-1,-1,0
svc-13,slow,0.3,svc-11,,0.0,0.0,0.0,False,,18.2,13.6,-4.6,0.0,2,0,False,0.0,2,0,False,-1,-1,0
svc-13,slow,0.3,svc-12,,0.0,0.0,0.0,False,,18.6,14.5,-4.1,0.0,2,0,False,0.0,1,0,False,-1,-1,0
svc-13,slow,0.3,svc-14,,0.0,0.0,0.0,False,,18.6,14.4,-4.2,0.0,2,0,False,0.0,2,0,False,-1,-1,0
svc-13,slow,0.3,svc-15,,0.0,0.0,0.0,False,,18.3,13.7,-4.6,0.0,2,0,False,0.0,3,0,False,-1,-1,0
svc-13,slow,0.3,svc-16,,0.0,0.0,0.0,False,,16.9,13.9,-3.0,0.0,2,0,False,0.0,2,0,False,-1,-1,0
svc-13,slow,0.3,svc-17,,0.0,0.0,0.0,False,,18.2,14.5,-3.7,0.0,2,0,False,0.0,1,0,False,-1,-1,0
svc-14,down,1.0,svc-00,2.0,0.0,1.0,1.0,True,0.0,230.6,230.8,0.2,0.0,2,0,False,0.0,0,3,False,-1,-1,1
svc-14,down,1.0,svc-01,,0.0,0.0,0.0,False,,227.8,214.8,-13.0,0.0,2,0,False,0.0,0,1,False,-1,-1,1
svc-14,down,1.0,svc-02,2.0,0.0,0.0,0.0,False,,211.7,203.6,-8.1,0.0,2,0,False,0.0,0,2,False,-1,-1,1
svc-14,down,1.0,svc-03,,0.0,0.0,0.0,False,,215.0,203.4,-11.6,0.0,2,0,False,0.0,0,2,False,-1,-1,1
svc-14,down,1.0,svc-04,,0.0,0.0,0.0,False,,89.6,82.3,-7.3,0.0,2,0,False,0.0,1,1,False,-1,-1,1
svc-14,down,1.0,svc-05,,0.0,0.0,0.0,False,,190.6,181.3,-9.3,0.0,2,0,False,0.01838,3,3,False,-1,-1,1
svc-14,down,1.0,svc-06,1.0,0.0,1.0,1.0,True,0.0,124.7,157.2,32.5,0.0,2,0,False,0.01103,1,3,True,800,1,1
svc-14,down,1.0,svc-07,1.0,0.0,0.0,0.0,False,,113.2,110.6,-2.6,0.0,2,0,False,0.01838,1,5,True,1200,1,1
svc-14,down,1.0,svc-08,,0.0,0.0,0.0,False,,196.0,156.6,-39.4,0.0,2,0,False,0.04412,2,5,False,-1,-1,1
svc-14,down,1.0,svc-09,,0.0,0.0,0.0,False,,205.1,201.2,-3.9,0.0,2,0,False,0.01838,1,3,False,-1,-1,1
svc-14,down,1.0,svc-10,,0.0,0.0,0.0,False,,14.9,10.8,-4.1,0.0,2,0,False,0.0,6,0,False,-1,-1,1
svc-14,down,1.0,svc-11,,0.0,0.0,0.0,False,,16.3,11.5,-4.8,0.0,2,0,False,0.0,2,0,False,-1,-1,1
svc-14,down,1.0,svc-12,,0.0,0.0,0.0,False,,16.7,12.0,-4.7,0.0,2,0,False,0.0,1,0,False,-1,-1,1
svc-14,down,1.0,svc-13,,0.0,0.0,0.0,False,,15.7,12.8,-2.9,0.0,2,0,False,0.0,2,0,False,-1,-1,1
svc-14,down,1.0,svc-15,,0.0,0.0,0.0,False,,16.5,11.9,-4.6,0.0,2,0,False,0.0,3,0,False,-1,-1,1
svc-14,down,1.0,svc-16,,0.0,0.0,0.0,False,,15.7,12.0,-3.7,0.0,2,0,False,0.0,2,0,False,-1,-1,1
svc-14,down,1.0,svc-17,,0.0,0.0,0.0,False,,15.4,10.6,-4.8,0.0,2,0,False,0.0,1,0,False,-1,-1,1
svc-14,down,0.5,svc-00,2.0,0.0,0.375,0.375,True,0.0,273.0,255.2,-17.8,0.0,2,0,False,0.0,0,3,False,-1,-1,1
svc-14,down,0.5,svc-01,,0.0,0.0,0.0,False,,258.9,237.3,-21.6,0.0,2,0,False,0.0,0,1,False,-1,-1,1
svc-14,down,0.5,svc-02,2.0,0.0,0.0,0.0,False,,248.5,226.0,-22.5,0.0,2,0,False,0.0,0,2,False,-1,-1,1
svc-14,down,0.5,svc-03,,0.0,0.0,0.0,False,,250.3,238.8,-11.5,0.0,2,0,False,0.0,0,2,False,-1,-1,1
svc-14,down,0.5,svc-04,,0.0,0.0,0.0,False,,153.8,74.3,-79.5,0.0,2,0,False,0.0,1,1,False,-1,-1,1
svc-14,down,0.5,svc-05,,0.0,0.0,0.0,False,,220.7,201.6,-19.1,0.0,2,0,False,0.01838,3,3,False,-1,-1,1
svc-14,down,0.5,svc-06,1.0,0.0,0.125,0.125,True,1506.5,155.3,151.0,-4.3,0.0,2,0,False,0.01103,1,3,True,800,1,1
svc-14,down,0.5,svc-07,1.0,0.0,0.0,0.0,False,,107.6,135.6,28.0,0.0,2,0,False,0.01838,1,5,True,1200,1,1
svc-14,down,0.5,svc-08,,0.0,0.0,0.0,False,,222.3,225.8,3.5,0.0,2,0,False,0.04412,2,5,False,-1,-1,1
svc-14,down,0.5,svc-09,,0.0,0.0,0.0,False,,227.2,232.3,5.1,0.0,2,0,False,0.01838,1,3,False,-1,-1,1
svc-14,down,0.5,svc-10,,0.0,0.0,0.0,False,,20.7,17.5,-3.2,0.0,2,0,False,0.0,6,0,False,-1,-1,1
svc-14,down,0.5,svc-11,,0.0,0.0,0.0,False,,21.2,16.9,-4.3,0.0,2,0,False,0.0,2,0,False,-1,-1,1
svc-14,down,0.5,svc-12,,0.0,0.0,0.0,False,,16.8,18.4,1.6,0.0,2,0,False,0.0,1,0,False,-1,-1,1
svc-14,down,0.5,svc-13,,0.0,0.0,0.0,False,,18.5,18.2,-0.3,0.0,2,0,False,0.0,2,0,False,-1,-1,1
svc-14,down,0.5,svc-15,,0.0,0.0,0.0,False,,19.5,17.3,-2.2,0.0,2,0,False,0.0,3,0,False,-1,-1,1
svc-14,down,0.5,svc-16,,0.0,0.0,0.0,False,,19.4,17.2,-2.2,0.0,2,0,False,0.0,2,0,False,-1,-1,1
svc-14,down,0.5,svc-17,,0.0,0.0,0.0,False,,20.1,18.1,-2.0,0.0,2,0,False,0.0,1,0,False,-1,-1,1
svc-14,slow,0.8,svc-00,2.0,0.0,1.0,1.0,True,0.0,249.7,882.9,633.2,0.0,2,0,False,0.0,0,3,False,-1,-1,0
svc-14,slow,0.8,svc-01,,0.0,0.0,0.0,False,,227.1,219.6,-7.5,0.0,2,0,False,0.0,0,1,False,-1,-1,0
svc-14,slow,0.8,svc-02,2.0,0.0,1.0,1.0,True,0.0,217.5,3012.2,2794.7,0.0,2,0,False,0.0,0,2,False,-1,-1,0
svc-14,slow,0.8,svc-03,,0.0,0.0,0.0,False,,229.0,213.9,-15.1,0.0,2,0,False,0.0,0,2,False,-1,-1,0
svc-14,slow,0.8,svc-04,,0.0,0.0,0.0,False,,110.1,123.4,13.3,0.0,2,0,False,0.0,1,1,False,-1,-1,0
svc-14,slow,0.8,svc-05,,0.0,0.0,0.0,False,,190.5,187.8,-2.7,0.0,2,0,False,0.01838,3,3,False,-1,-1,0
svc-14,slow,0.8,svc-06,1.0,0.0,1.0,1.0,True,0.0,129.3,1762.4,1633.1,0.0,2,0,False,0.01103,1,3,True,800,1,0
svc-14,slow,0.8,svc-07,1.0,0.0,0.0,0.0,False,,143.7,2514.3,2370.6,0.0,2,0,False,0.01838,1,5,True,1200,1,0
svc-14,slow,0.8,svc-08,,0.0,0.0,0.0,False,,174.7,203.8,29.1,0.0,2,0,False,0.04412,2,5,False,-1,-1,0
svc-14,slow,0.8,svc-09,,0.0,0.0,0.0,False,,221.6,215.8,-5.8,0.0,2,0,False,0.01838,1,3,False,-1,-1,0
svc-14,slow,0.8,svc-10,,0.0,0.0,0.0,False,,17.7,11.9,-5.8,0.0,2,0,False,0.0,6,0,False,-1,-1,0
svc-14,slow,0.8,svc-11,,0.0,0.0,0.0,False,,17.4,13.0,-4.4,0.0,2,0,False,0.0,2,0,False,-1,-1,0
svc-14,slow,0.8,svc-12,,0.0,0.0,0.0,False,,19.2,14.7,-4.5,0.0,2,0,False,0.0,1,0,False,-1,-1,0
svc-14,slow,0.8,svc-13,,0.0,0.0,0.0,False,,18.3,14.0,-4.3,0.0,2,0,False,0.0,2,0,False,-1,-1,0
svc-14,slow,0.8,svc-15,,0.0,0.0,0.0,False,,18.1,13.9,-4.2,0.0,2,0,False,0.0,3,0,False,-1,-1,0
svc-14,slow,0.8,svc-16,,0.0,0.0,0.0,False,,18.4,14.3,-4.1,0.0,2,0,False,0.0,2,0,False,-1,-1,0
svc-14,slow,0.8,svc-17,,0.0,0.0,0.0,False,,18.6,14.3,-4.3,0.0,2,0,False,0.0,1,0,False,-1,-1,0
svc-14,slow,0.3,svc-00,2.0,0.0,0.0,0.0,False,,255.4,676.9,421.5,0.0,2,0,False,0.0,0,3,False,-1,-1,0
svc-14,slow,0.3,svc-01,,0.0,0.0,0.0,False,,234.8,244.6,9.8,0.0,2,0,False,0.0,0,1,False,-1,-1,0
svc-14,slow,0.3,svc-02,2.0,0.0,0.0,0.0,False,,223.5,659.7,436.2,0.0,2,0,False,0.0,0,2,False,-1,-1,0
svc-14,slow,0.3,svc-03,,0.0,0.0,0.0,False,,236.5,242.5,6.0,0.0,2,0,False,0.0,0,2,False,-1,-1,0
svc-14,slow,0.3,svc-04,,0.0,0.0,0.0,False,,103.8,118.1,14.3,0.0,2,0,False,0.0,1,1,False,-1,-1,0
svc-14,slow,0.3,svc-05,,0.0,0.0,0.0,False,,196.6,209.7,13.1,0.0,2,0,False,0.01838,3,3,False,-1,-1,0
svc-14,slow,0.3,svc-06,1.0,0.0,0.0,0.0,False,,129.5,638.2,508.7,0.0,2,0,False,0.01103,1,3,True,800,1,0
svc-14,slow,0.3,svc-07,1.0,0.0,0.0,0.0,False,,124.9,610.9,486.0,0.0,2,0,False,0.01838,1,5,True,1200,1,0
svc-14,slow,0.3,svc-08,,0.0,0.0,0.0,False,,225.0,228.3,3.3,0.0,2,0,False,0.04412,2,5,False,-1,-1,0
svc-14,slow,0.3,svc-09,,0.0,0.0,0.0,False,,235.6,236.5,0.9,0.0,2,0,False,0.01838,1,3,False,-1,-1,0
svc-14,slow,0.3,svc-10,,0.0,0.0,0.0,False,,13.8,13.4,-0.4,0.0,2,0,False,0.0,6,0,False,-1,-1,0
svc-14,slow,0.3,svc-11,,0.0,0.0,0.0,False,,16.5,14.1,-2.4,0.0,2,0,False,0.0,2,0,False,-1,-1,0
svc-14,slow,0.3,svc-12,,0.0,0.0,0.0,False,,16.1,14.8,-1.3,0.0,2,0,False,0.0,1,0,False,-1,-1,0
svc-14,slow,0.3,svc-13,,0.0,0.0,0.0,False,,16.6,16.5,-0.1,0.0,2,0,False,0.0,2,0,False,-1,-1,0
svc-14,slow,0.3,svc-15,,0.0,0.0,0.0,False,,15.1,13.5,-1.6,0.0,2,0,False,0.0,3,0,False,-1,-1,0
svc-14,slow,0.3,svc-16,,0.0,0.0,0.0,False,,13.9,14.3,0.4,0.0,2,0,False,0.0,2,0,False,-1,-1,0
svc-14,slow,0.3,svc-17,,0.0,0.0,0.0,False,,16.4,13.4,-3.0,0.0,2,0,False,0.0,1,0,False,-1,-1,0
svc-15,down,1.0,svc-00,2.0,0.0,1.0,1.0,True,0.0,260.6,331.1,70.5,0.0,3,0,False,0.0,0,3,False,-1,-1,1
svc-15,down,1.0,svc-01,,0.0,0.0,0.0,False,,252.3,245.4,-6.9,0.0,3,0,False,0.0,0,1,False,-1,-1,1
svc-15,down,1.0,svc-02,2.0,0.0,0.0,0.0,False,,241.1,231.1,-10.0,0.0,3,0,False,0.0,0,2,False,-1,-1,1
svc-15,down,1.0,svc-03,2.0,0.0,0.0,0.0,False,,246.1,304.4,58.3,0.0,3,0,False,0.0,0,2,False,-1,-1,1
svc-15,down,1.0,svc-04,,0.0,0.0,0.0,False,,124.5,116.7,-7.8,0.0,3,0,False,0.0,1,1,False,-1,-1,1
svc-15,down,1.0,svc-05,,0.0,0.0,0.0,False,,214.6,191.0,-23.6,0.0,3,0,False,0.01838,3,3,False,-1,-1,1
svc-15,down,1.0,svc-06,1.0,0.0,1.0,1.0,True,0.0,133.3,169.7,36.4,0.0,3,0,False,0.01103,1,3,True,1200,1,1
svc-15,down,1.0,svc-07,1.0,0.0,0.0,0.0,False,,141.1,138.2,-2.9,0.0,3,0,False,0.01838,1,5,True,1200,0,1
svc-15,down,1.0,svc-08,1.0,0.0,0.0,0.0,False,,234.3,278.5,44.2,0.0,3,0,False,0.04412,2,5,True,1500,2,1
svc-15,down,1.0,svc-09,2.0,0.0,0.0,0.0,False,,241.7,302.7,61.0,0.0,3,0,False,0.01838,1,3,False,-1,-1,1
svc-15,down,1.0,svc-10,,0.0,0.0,0.0,False,,14.4,14.3,-0.1,0.0,3,0,False,0.0,6,0,False,-1,-1,1
svc-15,down,1.0,svc-11,,0.0,0.0,0.0,False,,17.2,16.2,-1.0,0.0,3,0,False,0.0,2,0,False,-1,-1,1
svc-15,down,1.0,svc-12,,0.0,0.0,0.0,False,,18.1,16.3,-1.8,0.0,3,0,False,0.0,1,0,False,-1,-1,1
svc-15,down,1.0,svc-13,,0.0,0.0,0.0,False,,17.4,16.3,-1.1,0.0,3,0,False,0.0,2,0,False,-1,-1,1
svc-15,down,1.0,svc-14,,0.0,0.0,0.0,False,,16.8,16.6,-0.2,0.0,3,0,False,0.0,2,0,False,-1,-1,1
svc-15,down,1.0,svc-16,,0.0,0.0,0.0,False,,17.6,15.4,-2.2,0.0,3,0,False,0.0,2,0,False,-1,-1,1
svc-15,down,1.0,svc-17,,0.0,0.0,0.0,False,,17.0,14.4,-2.6,0.0,3,0,False,0.0,1,0,False,-1,-1,1
svc-15,down,0.5,svc-00,2.0,0.0,0.125,0.125,True,2248.9,287.8,293.1,5.3,0.0,3,0,False,0.0,0,3,False,-1,-1,1
svc-15,down,0.5,svc-01,,0.0,0.0,0.0,False,,281.4,242.8,-38.6,0.0,3,0,False,0.0,0,1,False,-1,-1,1
svc-15,down,0.5,svc-02,2.0,0.0,0.0,0.0,False,,272.4,230.6,-41.8,0.0,3,0,False,0.0,0,2,False,-1,-1,1
svc-15,down,0.5,svc-03,2.0,0.0,0.0,0.0,False,,267.1,257.0,-10.1,0.0,3,0,False,0.0,0,2,False,-1,-1,1
svc-15,down,0.5,svc-04,,0.0,0.0,0.0,False,,96.5,106.2,9.7,0.0,3,0,False,0.0,1,1,False,-1,-1,1
svc-15,down,0.5,svc-05,,0.0,0.0,0.0,False,,238.7,205.1,-33.6,0.0,3,0,False,0.01838,3,3,False,-1,-1,1
svc-15,down,0.5,svc-06,1.0,0.0,0.375,0.375,True,0.0,166.2,153.5,-12.7,0.0,3,0,False,0.01103,1,3,True,1200,1,1
svc-15,down,0.5,svc-07,1.0,0.0,0.0,0.0,False,,176.5,120.6,-55.9,0.0,3,0,False,0.01838,1,5,True,1200,0,1
svc-15,down,0.5,svc-08,1.0,0.0,0.0,0.0,False,,240.9,231.0,-9.9,0.0,3,0,False,0.04412,2,5,True,1500,2,1
svc-15,down,0.5,svc-09,2.0,0.0,0.0,0.0,False,,267.6,250.5,-17.1,0.0,3,0,False,0.01838,1,3,False,-1,-1,1
svc-15,down,0.5,svc-10,,0.0,0.0,0.0,False,,24.9,15.4,-9.5,0.0,3,0,False,0.0,6,0,False,-1,-1,1
svc-15,down,0.5,svc-11,,0.0,0.0,0.0,False,,24.4,16.6,-7.8,0.0,3,0,False,0.0,2,0,False,-1,-1,1
svc-15,down,0.5,svc-12,,0.0,0.0,0.0,False,,25.0,16.3,-8.7,0.0,3,0,False,0.0,1,0,False,-1,-1,1
svc-15,down,0.5,svc-13,,0.0,0.0,0.0,False,,25.6,17.4,-8.2,0.0,3,0,False,0.0,2,0,False,-1,-1,1
svc-15,down,0.5,svc-14,,0.0,0.0,0.0,False,,25.3,17.0,-8.3,0.0,3,0,False,0.0,2,0,False,-1,-1,1
svc-15,down,0.5,svc-16,,0.0,0.0,0.0,False,,26.1,16.1,-10.0,0.0,3,0,False,0.0,2,0,False,-1,-1,1
svc-15,down,0.5,svc-17,,0.0,0.0,0.0,False,,26.1,16.3,-9.8,0.0,3,0,False,0.0,1,0,False,-1,-1,1
svc-15,slow,0.8,svc-00,2.0,0.0,1.0,1.0,True,0.0,257.4,912.6,655.2,0.0,3,0,False,0.0,0,3,False,-1,-1,0
svc-15,slow,0.8,svc-01,,0.0,0.0,0.0,False,,233.6,258.6,25.0,0.0,3,0,False,0.0,0,1,False,-1,-1,0
svc-15,slow,0.8,svc-02,2.0,0.0,0.0,0.0,False,,235.4,1365.5,1130.1,0.0,3,0,False,0.0,0,2,False,-1,-1,0
svc-15,slow,0.8,svc-03,2.0,0.0,1.0,1.0,True,0.0,233.3,1735.3,1502.0,0.0,3,0,False,0.0,0,2,False,-1,-1,0
svc-15,slow,0.8,svc-04,,0.0,0.0,0.0,False,,114.1,103.1,-11.0,0.0,3,0,False,0.0,1,1,False,-1,-1,0
svc-15,slow,0.8,svc-05,,0.0,0.0,0.0,False,,209.8,213.0,3.2,0.0,3,0,False,0.01838,3,3,False,-1,-1,0
svc-15,slow,0.8,svc-06,1.0,0.0,1.0,1.0,True,0.0,145.5,2576.6,2431.1,0.0,3,0,False,0.01103,1,3,True,1200,1,0
svc-15,slow,0.8,svc-07,1.0,0.0,0.0,0.0,False,,135.2,1339.6,1204.4,0.0,3,0,False,0.01838,1,5,True,1200,0,0
svc-15,slow,0.8,svc-08,1.0,0.0,0.0,0.0,False,,172.8,1465.7,1292.9,0.0,3,0,False,0.04412,2,5,True,1500,2,0
svc-15,slow,0.8,svc-09,2.0,0.0,0.0,0.0,False,,232.2,1472.6,1240.4,0.0,3,0,False,0.01838,1,3,False,-1,-1,0
svc-15,slow,0.8,svc-10,,0.0,0.0,0.0,False,,14.3,16.4,2.1,0.0,3,0,False,0.0,6,0,False,-1,-1,0
svc-15,slow,0.8,svc-11,,0.0,0.0,0.0,False,,20.3,18.3,-2.0,0.0,3,0,False,0.0,2,0,False,-1,-1,0
svc-15,slow,0.8,svc-12,,0.0,0.0,0.0,False,,18.5,15.6,-2.9,0.0,3,0,False,0.0,1,0,False,-1,-1,0
svc-15,slow,0.8,svc-13,,0.0,0.0,0.0,False,,19.8,18.4,-1.4,0.0,3,0,False,0.0,2,0,False,-1,-1,0
svc-15,slow,0.8,svc-14,,0.0,0.0,0.0,False,,18.6,18.2,-0.4,0.0,3,0,False,0.0,2,0,False,-1,-1,0
svc-15,slow,0.8,svc-16,,0.0,0.0,0.0,False,,18.6,18.0,-0.6,0.0,3,0,False,0.0,2,0,False,-1,-1,0
svc-15,slow,0.8,svc-17,,0.0,0.0,0.0,False,,18.2,17.8,-0.4,0.0,3,0,False,0.0,1,0,False,-1,-1,0
svc-15,slow,0.3,svc-00,2.0,0.0,0.0,0.0,False,,271.9,785.2,513.3,0.0,3,0,False,0.0,0,3,False,-1,-1,0
svc-15,slow,0.3,svc-01,,0.0,0.0,0.0,False,,243.2,250.3,7.1,0.0,3,0,False,0.0,0,1,False,-1,-1,0
svc-15,slow,0.3,svc-02,2.0,0.0,0.0,0.0,False,,225.0,693.7,468.7,0.0,3,0,False,0.0,0,2,False,-1,-1,0
svc-15,slow,0.3,svc-03,2.0,0.0,0.0,0.0,False,,257.5,754.0,496.5,0.0,3,0,False,0.0,0,2,False,-1,-1,0
svc-15,slow,0.3,svc-04,,0.0,0.0,0.0,False,,116.9,112.0,-4.9,0.0,3,0,False,0.0,1,1,False,-1,-1,0
svc-15,slow,0.3,svc-05,,0.0,0.0,0.0,False,,209.5,212.8,3.3,0.0,3,0,False,0.01838,3,3,False,-1,-1,0
svc-15,slow,0.3,svc-06,1.0,0.0,0.0,0.0,False,,138.6,640.9,502.3,0.0,3,0,False,0.01103,1,3,True,1200,1,0
svc-15,slow,0.3,svc-07,1.0,0.0,0.0,0.0,False,,161.3,639.4,478.1,0.0,3,0,False,0.01838,1,5,True,1200,0,0
svc-15,slow,0.3,svc-08,1.0,0.0,0.0,0.0,False,,214.0,657.0,443.0,0.0,3,0,False,0.04412,2,5,True,1500,2,0
svc-15,slow,0.3,svc-09,2.0,0.0,0.0,0.0,False,,253.7,747.4,493.7,0.0,3,0,False,0.01838,1,3,False,-1,-1,0
svc-15,slow,0.3,svc-10,,0.0,0.0,0.0,False,,15.3,15.8,0.5,0.0,3,0,False,0.0,6,0,False,-1,-1,0
svc-15,slow,0.3,svc-11,,0.0,0.0,0.0,False,,13.7,13.9,0.2,0.0,3,0,False,0.0,2,0,False,-1,-1,0
svc-15,slow,0.3,svc-12,,0.0,0.0,0.0,False,,15.3,15.3,0.0,0.0,3,0,False,0.0,1,0,False,-1,-1,0
svc-15,slow,0.3,svc-13,,0.0,0.0,0.0,False,,17.3,15.0,-2.3,0.0,3,0,False,0.0,2,0,False,-1,-1,0
svc-15,slow,0.3,svc-14,,0.0,0.0,0.0,False,,16.1,14.9,-1.2,0.0,3,0,False,0.0,2,0,False,-1,-1,0
svc-15,slow,0.3,svc-16,,0.0,0.0,0.0,False,,14.0,14.4,0.4,0.0,3,0,False,0.0,2,0,False,-1,-1,0
svc-15,slow,0.3,svc-17,,0.0,0.0,0.0,False,,13.9,14.6,0.7,0.0,3,0,False,0.0,1,0,False,-1,-1,0
svc-16,down,1.0,svc-00,3.0,0.0,0.0,0.0,False,,237.6,256.3,18.7,0.0,2,0,False,0.0,0,3,False,-1,-1,1
svc-16,down,1.0,svc-01,,0.0,0.0,0.0,False,,226.7,227.2,0.5,0.0,2,0,False,0.0,0,1,False,-1,-1,1
svc-16,down,1.0,svc-02,2.0,0.0,0.0,0.0,False,,212.7,211.2,-1.5,0.0,2,0,False,0.0,0,2,False,-1,-1,1
svc-16,down,1.0,svc-03,2.0,0.0,0.0,0.0,False,,216.3,241.8,25.5,0.0,2,0,False,0.0,0,2,False,-1,-1,1
svc-16,down,1.0,svc-04,,0.0,0.0,0.0,False,,99.8,106.2,6.4,0.0,2,0,False,0.0,1,1,False,-1,-1,1
svc-16,down,1.0,svc-05,,0.0,0.0,0.0,False,,191.4,190.8,-0.6,0.0,2,0,False,0.01838,3,3,False,-1,-1,1
svc-16,down,1.0,svc-06,,0.0,0.0,0.0,False,,125.1,130.6,5.5,0.0,2,0,False,0.01103,1,3,False,-1,-1,1
svc-16,down,1.0,svc-07,1.0,0.0,0.0,0.0,False,,110.3,121.0,10.7,0.0,2,0,False,0.01838,1,5,True,2000,1,1
svc-16,down,1.0,svc-08,1.0,0.0,0.0,0.0,False,,176.5,219.3,42.8,0.0,2,0,False,0.04412,2,5,True,1500,1,1
svc-16,down,1.0,svc-09,2.0,0.0,0.0,0.0,False,,210.3,229.4,19.1,0.0,2,0,False,0.01838,1,3,False,-1,-1,1
svc-16,down,1.0,svc-10,,0.0,0.0,0.0,False,,15.6,16.9,1.3,0.0,2,0,False,0.0,6,0,False,-1,-1,1
svc-16,down,1.0,svc-11,,0.0,0.0,0.0,False,,15.4,16.9,1.5,0.0,2,0,False,0.0,2,0,False,-1,-1,1
svc-16,down,1.0,svc-12,,0.0,0.0,0.0,False,,14.3,16.8,2.5,0.0,2,0,False,0.0,1,0,False,-1,-1,1
svc-16,down,1.0,svc-13,,0.0,0.0,0.0,False,,14.4,17.1,2.7,0.0,2,0,False,0.0,2,0,False,-1,-1,1
svc-16,down,1.0,svc-14,,0.0,0.0,0.0,False,,15.5,16.6,1.1,0.0,2,0,False,0.0,2,0,False,-1,-1,1
svc-16,down,1.0,svc-15,,0.0,0.0,0.0,False,,14.5,17.2,2.7,0.0,2,0,False,0.0,3,0,False,-1,-1,1
svc-16,down,1.0,svc-17,,0.0,0.0,0.0,False,,14.6,16.4,1.8,0.0,2,0,False,0.0,1,0,False,-1,-1,1
svc-16,down,0.5,svc-00,3.0,0.0,0.0,0.0,False,,289.0,258.8,-30.2,0.0,2,0,False,0.0,0,3,False,-1,-1,1
svc-16,down,0.5,svc-01,,0.0,0.0,0.0,False,,269.1,237.6,-31.5,0.0,2,0,False,0.0,0,1,False,-1,-1,1
svc-16,down,0.5,svc-02,2.0,0.0,0.0,0.0,False,,260.6,222.9,-37.7,0.0,2,0,False,0.0,0,2,False,-1,-1,1
svc-16,down,0.5,svc-03,2.0,0.0,0.0,0.0,False,,269.0,239.7,-29.3,0.0,2,0,False,0.0,0,2,False,-1,-1,1
svc-16,down,0.5,svc-04,,0.0,0.0,0.0,False,,126.3,103.9,-22.4,0.0,2,0,False,0.0,1,1,False,-1,-1,1
svc-16,down,0.5,svc-05,,0.0,0.0,0.0,False,,231.7,197.5,-34.2,0.0,2,0,False,0.01838,3,3,False,-1,-1,1
svc-16,down,0.5,svc-06,,0.0,0.0,0.0,False,,162.8,127.7,-35.1,0.0,2,0,False,0.01103,1,3,False,-1,-1,1
svc-16,down,0.5,svc-07,1.0,0.0,0.0,0.0,False,,129.2,138.7,9.5,0.0,2,0,False,0.01838,1,5,True,2000,1,1
svc-16,down,0.5,svc-08,1.0,0.0,0.0,0.0,False,,224.3,217.5,-6.8,0.0,2,0,False,0.04412,2,5,True,1500,1,1
svc-16,down,0.5,svc-09,2.0,0.0,0.0,0.0,False,,271.2,235.7,-35.5,0.0,2,0,False,0.01838,1,3,False,-1,-1,1
svc-16,down,0.5,svc-10,,0.0,0.0,0.0,False,,19.8,13.9,-5.9,0.0,2,0,False,0.0,6,0,False,-1,-1,1
svc-16,down,0.5,svc-11,,0.0,0.0,0.0,False,,21.9,14.6,-7.3,0.0,2,0,False,0.0,2,0,False,-1,-1,1
svc-16,down,0.5,svc-12,,0.0,0.0,0.0,False,,18.8,14.0,-4.8,0.0,2,0,False,0.0,1,0,False,-1,-1,1
svc-16,down,0.5,svc-13,,0.0,0.0,0.0,False,,22.0,14.0,-8.0,0.0,2,0,False,0.0,2,0,False,-1,-1,1
svc-16,down,0.5,svc-14,,0.0,0.0,0.0,False,,19.9,14.4,-5.5,0.0,2,0,False,0.0,2,0,False,-1,-1,1
svc-16,down,0.5,svc-15,,0.0,0.0,0.0,False,,22.0,13.6,-8.4,0.0,2,0,False,0.0,3,0,False,-1,-1,1
svc-16,down,0.5,svc-17,,0.0,0.0,0.0,False,,20.0,13.9,-6.1,0.0,2,0,False,0.0,1,0,False,-1,-1,1
svc-16,slow,0.8,svc-00,3.0,0.0,1.0,1.0,True,0.0,282.1,941.5,659.4,0.0,2,0,False,0.0,0,3,False,-1,-1,0
svc-16,slow,0.8,svc-01,,0.0,0.0,0.0,False,,274.4,282.4,8.0,0.0,2,0,False,0.0,0,1,False,-1,-1,0
svc-16,slow,0.8,svc-02,2.0,0.0,0.0,0.0,False,,266.0,1435.9,1169.9,0.0,2,0,False,0.0,0,2,False,-1,-1,0
svc-16,slow,0.8,svc-03,2.0,0.0,1.0,1.0,True,0.0,256.2,1736.7,1480.5,0.0,2,0,False,0.0,0,2,False,-1,-1,0
svc-16,slow,0.8,svc-04,,0.0,0.0,0.0,False,,123.2,127.0,3.8,0.0,2,0,False,0.0,1,1,False,-1,-1,0
svc-16,slow,0.8,svc-05,,0.0,0.0,0.0,False,,237.6,243.7,6.1,0.0,2,0,False,0.01838,3,3,False,-1,-1,0
svc-16,slow,0.8,svc-06,,0.0,0.0,0.0,False,,153.2,144.7,-8.5,0.0,2,0,False,0.01103,1,3,False,-1,-1,0
svc-16,slow,0.8,svc-07,1.0,0.0,0.0,0.0,False,,173.0,1366.9,1193.9,0.0,2,0,False,0.01838,1,5,True,2000,1,0
svc-16,slow,0.8,svc-08,1.0,0.0,0.0,0.0,False,,247.4,1459.8,1212.4,0.0,2,0,False,0.04412,2,5,True,1500,1,0
svc-16,slow,0.8,svc-09,2.0,0.0,0.0,0.0,False,,261.8,1499.0,1237.2,0.0,2,0,False,0.01838,1,3,False,-1,-1,0
svc-16,slow,0.8,svc-10,,0.0,0.0,0.0,False,,16.9,11.4,-5.5,0.0,2,0,False,0.0,6,0,False,-1,-1,0
svc-16,slow,0.8,svc-11,,0.0,0.0,0.0,False,,21.4,15.1,-6.3,0.0,2,0,False,0.0,2,0,False,-1,-1,0
svc-16,slow,0.8,svc-12,,0.0,0.0,0.0,False,,22.9,15.5,-7.4,0.0,2,0,False,0.0,1,0,False,-1,-1,0
svc-16,slow,0.8,svc-13,,0.0,0.0,0.0,False,,21.5,14.3,-7.2,0.0,2,0,False,0.0,2,0,False,-1,-1,0
svc-16,slow,0.8,svc-14,,0.0,0.0,0.0,False,,22.7,15.6,-7.1,0.0,2,0,False,0.0,2,0,False,-1,-1,0
svc-16,slow,0.8,svc-15,,0.0,0.0,0.0,False,,22.6,14.5,-8.1,0.0,2,0,False,0.0,3,0,False,-1,-1,0
svc-16,slow,0.8,svc-17,,0.0,0.0,0.0,False,,22.8,12.0,-10.8,0.0,2,0,False,0.0,1,0,False,-1,-1,0
svc-16,slow,0.3,svc-00,3.0,0.0,0.0,0.0,False,,283.2,761.4,478.2,0.0,2,0,False,0.0,0,3,False,-1,-1,0
svc-16,slow,0.3,svc-01,,0.0,0.0,0.0,False,,262.9,262.7,-0.2,0.0,2,0,False,0.0,0,1,False,-1,-1,0
svc-16,slow,0.3,svc-02,2.0,0.0,0.0,0.0,False,,254.1,669.1,415.0,0.0,2,0,False,0.0,0,2,False,-1,-1,0
svc-16,slow,0.3,svc-03,2.0,0.0,0.0,0.0,False,,266.2,744.1,477.9,0.0,2,0,False,0.0,0,2,False,-1,-1,0
svc-16,slow,0.3,svc-04,,0.0,0.0,0.0,False,,109.1,120.4,11.3,0.0,2,0,False,0.0,1,1,False,-1,-1,0
svc-16,slow,0.3,svc-05,,0.0,0.0,0.0,False,,226.6,228.1,1.5,0.0,2,0,False,0.01838,3,3,False,-1,-1,0
svc-16,slow,0.3,svc-06,,0.0,0.0,0.0,False,,159.6,150.5,-9.1,0.0,2,0,False,0.01103,1,3,False,-1,-1,0
svc-16,slow,0.3,svc-07,1.0,0.0,0.0,0.0,False,,154.4,614.5,460.1,0.0,2,0,False,0.01838,1,5,True,2000,1,0
svc-16,slow,0.3,svc-08,1.0,0.0,0.0,0.0,False,,211.0,682.1,471.1,0.0,2,0,False,0.04412,2,5,True,1500,1,0
svc-16,slow,0.3,svc-09,2.0,0.0,0.0,0.0,False,,263.5,727.8,464.3,0.0,2,0,False,0.01838,1,3,False,-1,-1,0
svc-16,slow,0.3,svc-10,,0.0,0.0,0.0,False,,15.6,14.2,-1.4,0.0,2,0,False,0.0,6,0,False,-1,-1,0
svc-16,slow,0.3,svc-11,,0.0,0.0,0.0,False,,19.6,13.7,-5.9,0.0,2,0,False,0.0,2,0,False,-1,-1,0
svc-16,slow,0.3,svc-12,,0.0,0.0,0.0,False,,18.4,14.8,-3.6,0.0,2,0,False,0.0,1,0,False,-1,-1,0
svc-16,slow,0.3,svc-13,,0.0,0.0,0.0,False,,17.8,14.0,-3.8,0.0,2,0,False,0.0,2,0,False,-1,-1,0
svc-16,slow,0.3,svc-14,,0.0,0.0,0.0,False,,19.7,14.7,-5.0,0.0,2,0,False,0.0,2,0,False,-1,-1,0
svc-16,slow,0.3,svc-15,,0.0,0.0,0.0,False,,18.1,14.4,-3.7,0.0,2,0,False,0.0,3,0,False,-1,-1,0
svc-16,slow,0.3,svc-17,,0.0,0.0,0.0,False,,20.0,13.3,-6.7,0.0,2,0,False,0.0,1,0,False,-1,-1,0
svc-17,down,1.0,svc-00,,0.0,0.0,0.0,False,,250.1,250.8,0.7,0.0,1,0,False,0.0,0,3,False,-1,-1,1
svc-17,down,1.0,svc-01,,0.0,0.0,0.0,False,,238.0,242.0,4.0,0.0,1,0,False,0.0,0,1,False,-1,-1,1
svc-17,down,1.0,svc-02,2.0,0.0,0.0,0.0,False,,231.1,230.1,-1.0,0.0,1,0,False,0.0,0,2,False,-1,-1,1
svc-17,down,1.0,svc-03,,0.0,0.0,0.0,False,,231.5,229.1,-2.4,0.0,1,0,False,0.0,0,2,False,-1,-1,1
svc-17,down,1.0,svc-04,,0.0,0.0,0.0,False,,77.1,109.2,32.1,0.0,1,0,False,0.0,1,1,False,-1,-1,1
svc-17,down,1.0,svc-05,,0.0,0.0,0.0,False,,173.5,188.3,14.8,0.0,1,0,False,0.01838,3,3,False,-1,-1,1
svc-17,down,1.0,svc-06,,0.0,0.0,0.0,False,,133.2,140.4,7.2,0.0,1,0,False,0.01103,1,3,False,-1,-1,1
svc-17,down,1.0,svc-07,1.0,0.0,0.0,0.0,False,,148.1,143.6,-4.5,0.0,1,0,False,0.01838,1,5,True,1200,1,1
svc-17,down,1.0,svc-08,,0.0,0.0,0.0,False,,181.4,195.2,13.8,0.0,1,0,False,0.04412,2,5,False,-1,-1,1
svc-17,down,1.0,svc-09,,0.0,0.0,0.0,False,,226.9,209.5,-17.4,0.0,1,0,False,0.01838,1,3,False,-1,-1,1
svc-17,down,1.0,svc-10,,0.0,0.0,0.0,False,,19.6,14.4,-5.2,0.0,1,0,False,0.0,6,0,False,-1,-1,1
svc-17,down,1.0,svc-11,,0.0,0.0,0.0,False,,17.2,15.4,-1.8,0.0,1,0,False,0.0,2,0,False,-1,-1,1
svc-17,down,1.0,svc-12,,0.0,0.0,0.0,False,,17.5,16.1,-1.4,0.0,1,0,False,0.0,1,0,False,-1,-1,1
svc-17,down,1.0,svc-13,,0.0,0.0,0.0,False,,20.1,16.3,-3.8,0.0,1,0,False,0.0,2,0,False,-1,-1,1
svc-17,down,1.0,svc-14,,0.0,0.0,0.0,False,,19.0,15.7,-3.3,0.0,1,0,False,0.0,2,0,False,-1,-1,1
svc-17,down,1.0,svc-15,,0.0,0.0,0.0,False,,19.5,15.2,-4.3,0.0,1,0,False,0.0,3,0,False,-1,-1,1
svc-17,down,1.0,svc-16,,0.0,0.0,0.0,False,,19.9,15.8,-4.1,0.0,1,0,False,0.0,2,0,False,-1,-1,1
svc-17,down,0.5,svc-00,,0.0,0.0,0.0,False,,260.9,257.7,-3.2,0.0,1,0,False,0.0,0,3,False,-1,-1,1
svc-17,down,0.5,svc-01,,0.0,0.0,0.0,False,,252.8,240.2,-12.6,0.0,1,0,False,0.0,0,1,False,-1,-1,1
svc-17,down,0.5,svc-02,2.0,0.0,0.0,0.0,False,,240.7,236.5,-4.2,0.0,1,0,False,0.0,0,2,False,-1,-1,1
svc-17,down,0.5,svc-03,,0.0,0.0,0.0,False,,240.6,232.8,-7.8,0.0,1,0,False,0.0,0,2,False,-1,-1,1
svc-17,down,0.5,svc-04,,0.0,0.0,0.0,False,,135.2,80.9,-54.3,0.0,1,0,False,0.0,1,1,False,-1,-1,1
svc-17,down,0.5,svc-05,,0.0,0.0,0.0,False,,211.8,202.4,-9.4,0.0,1,0,False,0.01838,3,3,False,-1,-1,1
svc-17,down,0.5,svc-06,,0.0,0.0,0.0,False,,153.6,135.4,-18.2,0.0,1,0,False,0.01103,1,3,False,-1,-1,1
svc-17,down,0.5,svc-07,1.0,0.0,0.0,0.0,False,,148.6,144.6,-4.0,0.0,1,0,False,0.01838,1,5,True,1200,1,1
svc-17,down,0.5,svc-08,,0.0,0.0,0.0,False,,185.9,192.9,7.0,0.0,1,0,False,0.04412,2,5,False,-1,-1,1
svc-17,down,0.5,svc-09,,0.0,0.0,0.0,False,,239.0,227.1,-11.9,0.0,1,0,False,0.01838,1,3,False,-1,-1,1
svc-17,down,0.5,svc-10,,0.0,0.0,0.0,False,,11.1,12.9,1.8,0.0,1,0,False,0.0,6,0,False,-1,-1,1
svc-17,down,0.5,svc-11,,0.0,0.0,0.0,False,,13.3,14.7,1.4,0.0,1,0,False,0.0,2,0,False,-1,-1,1
svc-17,down,0.5,svc-12,,0.0,0.0,0.0,False,,13.5,14.8,1.3,0.0,1,0,False,0.0,1,0,False,-1,-1,1
svc-17,down,0.5,svc-13,,0.0,0.0,0.0,False,,13.2,14.0,0.8,0.0,1,0,False,0.0,2,0,False,-1,-1,1
svc-17,down,0.5,svc-14,,0.0,0.0,0.0,False,,14.4,14.6,0.2,0.0,1,0,False,0.0,2,0,False,-1,-1,1
svc-17,down,0.5,svc-15,,0.0,0.0,0.0,False,,12.7,14.4,1.7,0.0,1,0,False,0.0,3,0,False,-1,-1,1
svc-17,down,0.5,svc-16,,0.0,0.0,0.0,False,,14.0,14.1,0.1,0.0,1,0,False,0.0,2,0,False,-1,-1,1
svc-17,slow,0.8,svc-00,,0.0,0.0,0.0,False,,273.8,284.5,10.7,0.0,1,0,False,0.0,0,3,False,-1,-1,0
svc-17,slow,0.8,svc-01,,0.0,0.0,0.0,False,,254.2,280.8,26.6,0.0,1,0,False,0.0,0,1,False,-1,-1,0
svc-17,slow,0.8,svc-02,2.0,0.0,1.0,1.0,True,0.0,245.2,3021.8,2776.6,0.0,1,0,False,0.0,0,2,False,-1,-1,0
svc-17,slow,0.8,svc-03,,0.0,0.0,0.0,False,,247.8,270.5,22.7,0.0,1,0,False,0.0,0,2,False,-1,-1,0
svc-17,slow,0.8,svc-04,,0.0,0.0,0.0,False,,117.3,119.1,1.8,0.0,1,0,False,0.0,1,1,False,-1,-1,0
svc-17,slow,0.8,svc-05,,0.0,0.0,0.0,False,,217.2,239.5,22.3,0.0,1,0,False,0.01838,3,3,False,-1,-1,0
svc-17,slow,0.8,svc-06,,0.0,0.0,0.0,False,,176.8,152.8,-24.0,0.0,1,0,False,0.01103,1,3,False,-1,-1,0
svc-17,slow,0.8,svc-07,1.0,0.0,0.0,0.0,False,,141.7,2529.9,2388.2,0.0,1,0,False,0.01838,1,5,True,1200,1,0
svc-17,slow,0.8,svc-08,,0.0,0.0,0.0,False,,237.7,255.6,17.9,0.0,1,0,False,0.04412,2,5,False,-1,-1,0
svc-17,slow,0.8,svc-09,,0.0,0.0,0.0,False,,244.5,264.9,20.4,0.0,1,0,False,0.01838,1,3,False,-1,-1,0
svc-17,slow,0.8,svc-10,,0.0,0.0,0.0,False,,18.6,18.3,-0.3,0.0,1,0,False,0.0,6,0,False,-1,-1,0
svc-17,slow,0.8,svc-11,,0.0,0.0,0.0,False,,18.2,17.5,-0.7,0.0,1,0,False,0.0,2,0,False,-1,-1,0
svc-17,slow,0.8,svc-12,,0.0,0.0,0.0,False,,17.9,19.2,1.3,0.0,1,0,False,0.0,1,0,False,-1,-1,0
svc-17,slow,0.8,svc-13,,0.0,0.0,0.0,False,,14.7,19.1,4.4,0.0,1,0,False,0.0,2,0,False,-1,-1,0
svc-17,slow,0.8,svc-14,,0.0,0.0,0.0,False,,17.9,18.5,0.6,0.0,1,0,False,0.0,2,0,False,-1,-1,0
svc-17,slow,0.8,svc-15,,0.0,0.0,0.0,False,,18.6,18.4,-0.2,0.0,1,0,False,0.0,3,0,False,-1,-1,0
svc-17,slow,0.8,svc-16,,0.0,0.0,0.0,False,,19.0,18.5,-0.5,0.0,1,0,False,0.0,2,0,False,-1,-1,0
svc-17,slow,0.3,svc-00,,0.0,0.0,0.0,False,,257.1,286.8,29.7,0.0,1,0,False,0.0,0,3,False,-1,-1,0
svc-17,slow,0.3,svc-01,,0.0,0.0,0.0,False,,245.5,261.7,16.2,0.0,1,0,False,0.0,0,1,False,-1,-1,0
svc-17,slow,0.3,svc-02,2.0,0.0,0.0,0.0,False,,244.9,678.3,433.4,0.0,1,0,False,0.0,0,2,False,-1,-1,0
svc-17,slow,0.3,svc-03,,0.0,0.0,0.0,False,,238.6,266.0,27.4,0.0,1,0,False,0.0,0,2,False,-1,-1,0
svc-17,slow,0.3,svc-04,,0.0,0.0,0.0,False,,83.2,112.8,29.6,0.0,1,0,False,0.0,1,1,False,-1,-1,0
svc-17,slow,0.3,svc-05,,0.0,0.0,0.0,False,,167.1,227.1,60.0,0.0,1,0,False,0.01838,3,3,False,-1,-1,0
svc-17,slow,0.3,svc-06,,0.0,0.0,0.0,False,,137.0,160.7,23.7,0.0,1,0,False,0.01103,1,3,False,-1,-1,0
svc-17,slow,0.3,svc-07,1.0,0.0,0.0,0.0,False,,146.9,627.3,480.4,0.0,1,0,False,0.01838,1,5,True,1200,1,0
svc-17,slow,0.3,svc-08,,0.0,0.0,0.0,False,,211.0,235.0,24.0,0.0,1,0,False,0.04412,2,5,False,-1,-1,0
svc-17,slow,0.3,svc-09,,0.0,0.0,0.0,False,,217.9,254.8,36.9,0.0,1,0,False,0.01838,1,3,False,-1,-1,0
svc-17,slow,0.3,svc-10,,0.0,0.0,0.0,False,,15.2,14.8,-0.4,0.0,1,0,False,0.0,6,0,False,-1,-1,0
svc-17,slow,0.3,svc-11,,0.0,0.0,0.0,False,,15.7,15.0,-0.7,0.0,1,0,False,0.0,2,0,False,-1,-1,0
svc-17,slow,0.3,svc-12,,0.0,0.0,0.0,False,,15.0,16.4,1.4,0.0,1,0,False,0.0,1,0,False,-1,-1,0
svc-17,slow,0.3,svc-13,,0.0,0.0,0.0,False,,16.3,16.7,0.4,0.0,1,0,False,0.0,2,0,False,-1,-1,0
svc-17,slow,0.3,svc-14,,0.0,0.0,0.0,False,,14.6,16.2,1.6,0.0,1,0,False,0.0,2,0,False,-1,-1,0
svc-17,slow,0.3,svc-15,,0.0,0.0,0.0,False,,15.8,17.0,1.2,0.0,1,0,False,0.0,3,0,False,-1,-1,0
svc-17,slow,0.3,svc-16,,0.0,0.0,0.0,False,,15.9,16.1,0.2,0.0,1,0,False,0.0,2,0,False,-1,-1,0
